Application,CustomerType,CustomerCode,CustomerCodeEx,FiscalCode,VATNumber,PEC,SDICode,OrderCodeEx,OrderCodeID,OperationType,Total,ShippingFees,InvoiceName1,InvoiceName2,InvoiceCity,InvoicePostalCode,InvoiceStreet,InvoiceHouseNumber,InvoiceRegion,InvoiceCountryISO,InvoiceLanguageISO,InvoiceTelephone,InvoiceFAX,InvoiceEmail,ShippingName1,ShippingName2,ShippingCity,ShippingPostalCode,ShippingStreet,ShippingHouseNumber,ShippingRegion,ShippingCountryISO,ShippingLanguageISO,ShippingTelephone,ShippingFAX,ShippingEmail,Retreat,PaymentType,PaymentDate,Ksig,TerminalID,ShopID,RefTranID,PaymentID,Product1_ItemCode,Product1_ProductCode,Product1_ProductCodeEx,Product1_Quantity,Product1_ProductType,Product1_Discount,Product1_DiscountPercentage,Product1_PriceEx,Product1_AvailabilityDate
MAGENTO,2,6009838,,,,,,,,1,131.0000,0.0000,Olivia,,Chichester,100,Party Street,,RM,IT,IT,,,,,,,,,,,,,,,,,,,,,,,,10,3000000067,,1,1,0,0,98,
MAGENTO,2,6010361,,,,,,,,,,,Candy,,Nottingham,100,Portland Street,,RM,IT,IT,,,,,,,,,,,,,,,,,,,,,,,,,AIC000061046,,,,,,,
MAGENTO,2,6010410,,,,,,,,,,,Wesley,,Edinburgh,100,Sackville Street,,RM,IT,IT,,,,,,,,,,,,,,,,,,,,,,,,,AIC000152049,,,,,,,
MAGENTO,2,6010414,,,,,,,,,,,Lynnette,,Durham,100,Moon Street,,RM,IT,IT,,,,,,,,,,,,,,,,,,,,,,,,,AIC000152064,,,,,,,
MAGENTO,2,6010425,,,,,,,,,,,Elsa,,Ripon,100,Mosley Street,,RM,IT,IT,,,,,,,,,,,,,,,,,,,,,,,,,AIC000152076,,,,,,,
MAGENTO,2,6010511,,,,,,,,,,,Jannie,,Salisbury,100,Oldham Street,,RM,IT,IT,,,,,,,,,,,,,,,,,,,,,,,,,AIC000209015,,,,,,,
MAGENTO,2,6010535,,,,,,,,,,,Pedro,,Salford,100,Wilmslow Road,,RM,IT,IT,,,,,,,,,,,,,,,,,,,,,,,,,AIC000209027,,,,,,,
MAGENTO,2,6010537,,,,,,,,,,,Graham,,Ripon,100,Urbis Street,,RM,IT,IT,,,,,,,,,,,,,,,,,,,,,,,,,AIC000240010,,,,,,,
MAGENTO,2,6010624,,,,,,,,,,,Kristin,,Edinburgh,100,King Street,,RM,IT,IT,,,,,,,,,,,,,,,,,,,,,,,,,AIC000248017,,,,,,,
MAGENTO,2,6011138,,,,,,,,,,,Gregory,,Worcester,100,Market Street,,RM,IT,IT,,,,,,,,,,,,,,,,,,,,,,,,,AIC000248029,,,,,,,
MAGENTO,2,6012741,,,,,,,,,,,Keith,,Worcester,100,Oxford Road,,RM,IT,IT,,,,,,,,,,,,,,,,,,,,,,,,,AIC000307013,,,,,,,
MAGENTO,2,6012835,,,,,,,,,,,Miles,,Ripon,100,Vant Street,,RM,IT,IT,,,,,,,,,,,,,,,,,,,,,,,,,AIC000380016,,,,,,,
MAGENTO,2,6012850,,,,,,,,,,,Ethan,,Salford,100,Princess Street,,RM,IT,IT,,,,,,,,,,,,,,,,,,,,,,,,,AIC000550018,,,,,,,
MAGENTO,2,6012852,,,,,,,,,,,Sigrid,,Oxford,100,Deansgate,,RM,IT,IT,,,,,,,,,,,,,,,,,,,,,,,,,AIC000550020,,,,,,,
MAGENTO,2,6012853,,,,,,,,,,,Elease,,St Davids,100,Whitworth Street,,RM,IT,IT,,,,,,,,,,,,,,,,,,,,,,,,,AIC000630018,,,,,,,
MAGENTO,2,6012990,,,,,,,,,,,Malissa,,Worcester,100,Princess Street,,RM,IT,IT,,,,,,,,,,,,,,,,,,,,,,,,,AIC000630020,,,,,,,
MAGENTO,2,6013355,,,,,,,,,,,Tod,,Oxford,100,Vant Street,,RM,IT,IT,,,,,,,,,,,,,,,,,,,,,,,,,AIC000850014,,,,,,,
MAGENTO,2,6013356,,,,,,,,,,,Nilda,,Chichester,100,Wilmslow Road,,RM,IT,IT,,,,,,,,,,,,,,,,,,,,,,,,,AIC002238018,,,,,,,
MAGENTO,2,6013392,,,,,,,,,,,Aurelia,,Nottingham,100,Atdf Street,,RM,IT,IT,,,,,,,,,,,,,,,,,,,,,,,,,AIC002238044,,,,,,,
MAGENTO,2,6013481,,,,,,,,,,,Luz,,Preston,100,Oldham Street,,RM,IT,IT,,,,,,,,,,,,,,,,,,,,,,,,,AIC002262018,,,,,,,
MAGENTO,2,6013534,,,,,,,,,,,Florine,,Wells,100,King Street,,RM,IT,IT,,,,,,,,,,,,,,,,,,,,,,,,,AIC002309019,,,,,,,
MAGENTO,2,6013616,,,,,,,,,,,Leann,,Ripon,100,Princess Street,,RM,IT,IT,,,,,,,,,,,,,,,,,,,,,,,,,AIC002309021,,,,,,,
MAGENTO,2,6014020,,,,,,,,,,,Nigel,,Ely,100,Portland Street,,RM,IT,IT,,,,,,,,,,,,,,,,,,,,,,,,,AIC002344012,,,,,,,
MAGENTO,2,6014043,,,,,,,,,,,Quintin,,Salisbury,100,Portland Street,,RM,IT,IT,,,,,,,,,,,,,,,,,,,,,,,,,AIC002344024,,,,,,,
MAGENTO,2,6014047,,,,,,,,,,,Robyn,,Bangor,100,Urbis Street,,RM,IT,IT,,,,,,,,,,,,,,,,,,,,,,,,,AIC002483028,,,,,,,
MAGENTO,2,6014153,,,,,,,,,,,Echo,,Nottingham,100,Agra Street,,RM,IT,IT,,,,,,,,,,,,,,,,,,,,,,,,,AIC002588034,,,,,,,
MAGENTO,2,6014273,,,,,,,,,,,Lee,,Oxford,100,Vant Street,,RM,IT,IT,,,,,,,,,,,,,,,,,,,,,,,,,AIC002588046,,,,,,,
MAGENTO,2,6014325,,,,,,,,,,,DArcy,,Dundee,100,Water Street,,RM,IT,IT,,,,,,,,,,,,,,,,,,,,,,,,,AIC002646026,,,,,,,
MAGENTO,2,6014394,,,,,,,,,,,Polly,,Edinburgh,100,Corporation Street,,RM,IT,IT,,,,,,,,,,,,,,,,,,,,,,,,,AIC002646040,,,,,,,
MAGENTO,2,6014556,,,,,,,,,,,Cristal,,Salford,100,Agra Street,,RM,IT,IT,,,,,,,,,,,,,,,,,,,,,,,,,AIC002646077,,,,,,,
MAGENTO,2,6014562,,,,,,,,,,,Katy,,Truro,100,Oldham Street,,RM,IT,IT,,,,,,,,,,,,,,,,,,,,,,,,,AIC002678050,,,,,,,
MAGENTO,2,6014605,,,,,,,,,,,Terri,,Wells,100,Whitworth Street,,RM,IT,IT,,,,,,,,,,,,,,,,,,,,,,,,,AIC002678062,,,,,,,
MAGENTO,2,6014744,,,,,,,,,,,Celeste,,Truro,100,Water Street,,RM,IT,IT,,,,,,,,,,,,,,,,,,,,,,,,,AIC002678074,,,,,,,
MAGENTO,2,6014912,,,,,,,,,,,Jerold,,Salford,100,Whitworth Street,,RM,IT,IT,,,,,,,,,,,,,,,,,,,,,,,,,AIC002678086,,,,,,,
MAGENTO,2,6014968,,,,,,,,,,,Farah,,Edinburgh,100,Agra Street,,RM,IT,IT,,,,,,,,,,,,,,,,,,,,,,,,,AIC002737031,,,,,,,
MAGENTO,2,6015020,,,,,,,,,,,Jolie,,Wells,100,Quay Street,,RM,IT,IT,,,,,,,,,,,,,,,,,,,,,,,,,AIC002737056,,,,,,,
MAGENTO,2,6015085,,,,,,,,,,,Paulita,,Ripon,100,Oxford Road,,RM,IT,IT,,,,,,,,,,,,,,,,,,,,,,,,,AIC002737070,,,,,,,
MAGENTO,2,6015408,,,,,,,,,,,Tyler,,Oxford,100,Grp Street,,RM,IT,IT,,,,,,,,,,,,,,,,,,,,,,,,,AIC002792012,,,,,,,
MAGENTO,2,6015827,,,,,,,,,,,Kandis,,Nottingham,100,Corporation Street,,RM,IT,IT,,,,,,,,,,,,,,,,,,,,,,,,,AIC002792024,,,,,,,
MAGENTO,2,6016947,,,,,,,,,,,Sol,,Dundee,100,Water Street,,RM,IT,IT,,,,,,,,,,,,,,,,,,,,,,,,,AIC002792036,,,,,,,
MAGENTO,2,6017023,,,,,,,,,,,Sebrina,,Salford,100,Corporation Street,,RM,IT,IT,,,,,,,,,,,,,,,,,,,,,,,,,AIC002792048,,,,,,,
MAGENTO,2,6017185,,,,,,,,,,,Adriana,,Truro,100,Kingsway,,RM,IT,IT,,,,,,,,,,,,,,,,,,,,,,,,,AIC002792063,,,,,,,
MAGENTO,2,6017187,,,,,,,,,,,Ivy,,Wolverhampton,100,Agra Street,,RM,IT,IT,,,,,,,,,,,,,,,,,,,,,,,,,AIC002792188,,,,,,,
MAGENTO,2,6017238,,,,,,,,,,,Humberto,,Dundee,100,Mosley Street,,RM,IT,IT,,,,,,,,,,,,,,,,,,,,,,,,,AIC002792202,,,,,,,
MAGENTO,2,6017261,,,,,,,,,,,Bronwyn,,Durham,100,Sackville Street,,RM,IT,IT,,,,,,,,,,,,,,,,,,,,,,,,,AIC002832032,,,,,,,
MAGENTO,2,6017303,,,,,,,,,,,Staci,,Dundee,100,Grp Street,,RM,IT,IT,,,,,,,,,,,,,,,,,,,,,,,,,AIC002860029,,,,,,,
MAGENTO,2,6017340,,,,,,,,,,,Colette,,Durham,100,Deansgate,,RM,IT,IT,,,,,,,,,,,,,,,,,,,,,,,,,AIC002866174,,,,,,,
MAGENTO,2,6017341,,,,,,,,,,,Ignace,,Preston,100,Oxford Road,,RM,IT,IT,,,,,,,,,,,,,,,,,,,,,,,,,AIC002866186,,,,,,,
MAGENTO,2,6017352,,,,,,,,,,,Elva,,Salford,100,Atdf Street,,RM,IT,IT,,,,,,,,,,,,,,,,,,,,,,,,,AIC002868014,,,,,,,
MAGENTO,2,6017360,,,,,,,,,,,Hilton,,Oxford,100,Quay Street,,RM,IT,IT,,,,,,,,,,,,,,,,,,,,,,,,,AIC002876011,,,,,,,
MAGENTO,2,6017475,,,,,,,,,,,Delana,,Oxford,100,Grp Street,,RM,IT,IT,,,,,,,,,,,,,,,,,,,,,,,,,AIC002876023,,,,,,,
MAGENTO,2,6017643,,,,,,,,,,,Joe,,Wells,100,Wilmslow Road,,RM,IT,IT,,,,,,,,,,,,,,,,,,,,,,,,,AIC002918011,,,,,,,
MAGENTO,2,6017647,,,,,,,,,,,Kandy,,Oxford,100,Water Street,,RM,IT,IT,,,,,,,,,,,,,,,,,,,,,,,,,AIC002918023,,,,,,,
MAGENTO,2,6017681,,,,,,,,,,,Ulysses,,Oxford,100,Deansgate,,RM,IT,IT,,,,,,,,,,,,,,,,,,,,,,,,,AIC002918035,,,,,,,
MAGENTO,2,6017690,,,,,,,,,,,Satordi,,Norwich,100,Mosley Street,,RM,IT,IT,,,,,,,,,,,,,,,,,,,,,,,,,AIC002922058,,,,,,,
MAGENTO,2,6017735,,,,,,,,,,,Deb,,Wells,100,Sackville Street,,RM,IT,IT,,,,,,,,,,,,,,,,,,,,,,,,,AIC002962013,,,,,,,
MAGENTO,2,6017769,,,,,,,,,,,Cher,,Bangor,100,Portland Street,,RM,IT,IT,,,,,,,,,,,,,,,,,,,,,,,,,AIC002962025,,,,,,,
MAGENTO,2,6017771,,,,,,,,,,,Autumn,,Nottingham,100,Kingsway,,RM,IT,IT,,,,,,,,,,,,,,,,,,,,,,,,,AIC002962037,,,,,,,
MAGENTO,2,6017932,,,,,,,,,,,Erwin,,Bangor,100,New Cathedral,,RM,IT,IT,,,,,,,,,,,,,,,,,,,,,,,,,AIC002962049,,,,,,,
MAGENTO,2,6018039,,,,,,,,,,,Lori,,Oxford,100,Mosley Street,,RM,IT,IT,,,,,,,,,,,,,,,,,,,,,,,,,AIC002977015,,,,,,,
MAGENTO,2,6018097,,,,,,,,,,,Sherri,,Wolverhampton,100,Mosley Street,,RM,IT,IT,,,,,,,,,,,,,,,,,,,,,,,,,AIC002991026,,,,,,,
MAGENTO,2,6018412,,,,,,,,,,,Dedra,,Norwich,100,Princess Street,,RM,IT,IT,,,,,,,,,,,,,,,,,,,,,,,,,AIC002992016,,,,,,,
MAGENTO,2,6018416,,,,,,,,,,,Matthew,,Oxford,100,Oxford Road,,RM,IT,IT,,,,,,,,,,,,,,,,,,,,,,,,,AIC003011018,,,,,,,
MAGENTO,2,6018430,,,,,,,,,,,Eldridge,,Preston,100,Vant Street,,RM,IT,IT,,,,,,,,,,,,,,,,,,,,,,,,,AIC003018013,,,,,,,
MAGENTO,2,6018461,,,,,,,,,,,Leanna,,Norwich,100,Wilmslow Road,,RM,IT,IT,,,,,,,,,,,,,,,,,,,,,,,,,AIC003040019,,,,,,,
MAGENTO,2,6018477,,,,,,,,,,,Amaury,,Salford,100,Moon Street,,RM,IT,IT,,,,,,,,,,,,,,,,,,,,,,,,,AIC003040021,,,,,,,
MAGENTO,2,6018489,,,,,,,,,,,Lorene,,Norwich,100,Canal Street,,RM,IT,IT,,,,,,,,,,,,,,,,,,,,,,,,,AIC003060023,,,,,,,
MAGENTO,2,6019043,,,,,,,,,,,Cammile,,Preston,100,Oldham Street,,RM,IT,IT,,,,,,,,,,,,,,,,,,,,,,,,,AIC003246016,,,,,,,
MAGENTO,2,6019084,,,,,,,,,,,Fannie,,Oxford,100,Kingsway,,RM,IT,IT,,,,,,,,,,,,,,,,,,,,,,,,,AIC003263011,,,,,,,
MAGENTO,2,6019121,,,,,,,,,,,Madelyn,,Wells,100,Agra Street,,RM,IT,IT,,,,,,,,,,,,,,,,,,,,,,,,,AIC003263035,,,,,,,
MAGENTO,2,6019136,,,,,,,,,,,Dorris,,Durham,100,Corporation Street,,RM,IT,IT,,,,,,,,,,,,,,,,,,,,,,,,,AIC003263062,,,,,,,
MAGENTO,2,6019168,,,,,,,,,,,Margie,,Oxford,100,Water Street,,RM,IT,IT,,,,,,,,,,,,,,,,,,,,,,,,,AIC003268051,,,,,,,
MAGENTO,2,6019263,,,,,,,,,,,Farah,,Bangor,100,Kingsway,,RM,IT,IT,,,,,,,,,,,,,,,,,,,,,,,,,AIC003351020,,,,,,,
MAGENTO,2,6019348,,,,,,,,,,,Irina,,Salford,100,Grp Street,,RM,IT,IT,,,,,,,,,,,,,,,,,,,,,,,,,AIC003398017,,,,,,,
MAGENTO,2,6019376,,,,,,,,,,,Dian,,Wolverhampton,100,Princess Street,,RM,IT,IT,,,,,,,,,,,,,,,,,,,,,,,,,AIC003409012,,,,,,,
MAGENTO,2,6019449,,,,,,,,,,,Dakota,,Glasgow,100,Urbis Street,,RM,IT,IT,,,,,,,,,,,,,,,,,,,,,,,,,AIC003409024,,,,,,,
MAGENTO,2,6019461,,,,,,,,,,,Breanne,,Glasgow,100,Sackville Street,,RM,IT,IT,,,,,,,,,,,,,,,,,,,,,,,,,AIC003409036,,,,,,,
MAGENTO,2,6019463,,,,,,,,,,,Forest,,Londonderry,100,Canal Street,,RM,IT,IT,,,,,,,,,,,,,,,,,,,,,,,,,AIC003409048,,,,,,,
MAGENTO,2,6019643,,,,,,,,,,,Tomi,,Ripon,100,Deansgate,,RM,IT,IT,,,,,,,,,,,,,,,,,,,,,,,,,AIC003409051,,,,,,,
MAGENTO,2,6019653,,,,,,,,,,,Taunya,,Wolverhampton,100,Moon Street,,RM,IT,IT,,,,,,,,,,,,,,,,,,,,,,,,,AIC003422019,,,,,,,
MAGENTO,2,6019666,,,,,,,,,,,Rocco,,St Davids,100,Whitworth Street,,RM,IT,IT,,,,,,,,,,,,,,,,,,,,,,,,,AIC003422033,,,,,,,
MAGENTO,2,6019673,,,,,,,,,,,Lewis,,Londonderry,100,Princess Street,,RM,IT,IT,,,,,,,,,,,,,,,,,,,,,,,,,AIC003422045,,,,,,,
MAGENTO,2,6019696,,,,,,,,,,,Merle,,Ely,100,Oxford Road,,RM,IT,IT,,,,,,,,,,,,,,,,,,,,,,,,,AIC003441045,,,,,,,
MAGENTO,2,6019755,,,,,,,,,,,Margo,,Oxford,100,Deansgate,,RM,IT,IT,,,,,,,,,,,,,,,,,,,,,,,,,AIC003518026,,,,,,,
MAGENTO,2,6019837,,,,,,,,,,,Marge,,Bangor,100,Agra Street,,RM,IT,IT,,,,,,,,,,,,,,,,,,,,,,,,,AIC003559022,,,,,,,
MAGENTO,2,6019858,,,,,,,,,,,Jannette,,Oxford,100,Canal Street,,RM,IT,IT,,,,,,,,,,,,,,,,,,,,,,,,,AIC003559034,,,,,,,
MAGENTO,2,6019881,,,,,,,,,,,Hannah,,Dundee,100,Moon Street,,RM,IT,IT,,,,,,,,,,,,,,,,,,,,,,,,,AIC003559046,,,,,,,
MAGENTO,2,6020043,,,,,,,,,,,Alan,,St Davids,100,Portland Street,,RM,IT,IT,,,,,,,,,,,,,,,,,,,,,,,,,AIC003565013,,,,,,,
MAGENTO,2,6020073,,,,,,,,,,,Estella,,Salisbury,100,Grp Street,,RM,IT,IT,,,,,,,,,,,,,,,,,,,,,,,,,AIC003565025,,,,,,,
MAGENTO,2,6020090,,,,,,,,,,,Cameron,,Oxford,100,Oldham Street,,RM,IT,IT,,,,,,,,,,,,,,,,,,,,,,,,,AIC003661016,,,,,,,
MAGENTO,2,6020207,,,,,,,,,,,Valorie,,Wolverhampton,100,Kingsway,,RM,IT,IT,,,,,,,,,,,,,,,,,,,,,,,,,AIC003785072,,,,,,,
MAGENTO,2,6020309,,,,,,,,,,,Dominga,,Nottingham,100,Mosley Street,,RM,IT,IT,,,,,,,,,,,,,,,,,,,,,,,,,AIC003820038,,,,,,,
MAGENTO,2,6020330,,,,,,,,,,,Maxwell,,Salford,100,Kingsway,,RM,IT,IT,,,,,,,,,,,,,,,,,,,,,,,,,AIC003880010,,,,,,,
MAGENTO,2,6020343,,,,,,,,,,,Odo,,Bangor,100,Agra Street,,RM,IT,IT,,,,,,,,,,,,,,,,,,,,,,,,,AIC003880022,,,,,,,
MAGENTO,2,6020365,,,,,,,,,,,Meggan,,Nottingham,100,Kingsway,,RM,IT,IT,,,,,,,,,,,,,,,,,,,,,,,,,AIC003880034,,,,,,,
MAGENTO,2,6020410,,,,,,,,,,,Ranee,,Ripon,100,Quay Street,,RM,IT,IT,,,,,,,,,,,,,,,,,,,,,,,,,AIC003903010,,,,,,,
MAGENTO,2,6020507,,,,,,,,,,,Layne,,Ripon,100,Market Street,,RM,IT,IT,,,,,,,,,,,,,,,,,,,,,,,,,AIC003946023,,,,,,,
MAGENTO,2,6020562,,,,,,,,,,,Iven,,Salford,100,Grp Street,,RM,IT,IT,,,,,,,,,,,,,,,,,,,,,,,,,AIC003946035,,,,,,,
MAGENTO,2,6020730,,,,,,,,,,,Kimberlie,,Wolverhampton,100,Kingsway,,RM,IT,IT,,,,,,,,,,,,,,,,,,,,,,,,,AIC003946050,,,,,,,
MAGENTO,2,6020752,,,,,,,,,,,Dave,,Dundee,100,Princess Street,,RM,IT,IT,,,,,,,,,,,,,,,,,,,,,,,,,AIC004031011,,,,,,,
MAGENTO,2,6020781,,,,,,,,,,,Fern,,Salford,100,Moon Street,,RM,IT,IT,,,,,,,,,,,,,,,,,,,,,,,,,AIC004091017,,,,,,,
MAGENTO,2,6020857,,,,,,,,,,,Katlyn,,Ely,100,Kingsway,,RM,IT,IT,,,,,,,,,,,,,,,,,,,,,,,,,AIC004091029,,,,,,,
MAGENTO,2,6021021,,,,,,,,,,,Rosie,,Oxford,100,Agra Street,,RM,IT,IT,,,,,,,,,,,,,,,,,,,,,,,,,AIC004091043,,,,,,,
MAGENTO,2,6021030,,,,,,,,,,,Edwin,,Salisbury,100,Moon Street,,RM,IT,IT,,,,,,,,,,,,,,,,,,,,,,,,,AIC004091068,,,,,,,
MAGENTO,2,6021058,,,,,,,,,,,Cornell,,Preston,100,New Cathedral,,RM,IT,IT,,,,,,,,,,,,,,,,,,,,,,,,,AIC004091094,,,,,,,
MAGENTO,2,6021150,,,,,,,,,,,Robyn,,Nottingham,100,Mosley Street,,RM,IT,IT,,,,,,,,,,,,,,,,,,,,,,,,,AIC004173011,,,,,,,
MAGENTO,2,6021292,,,,,,,,,,,Andria,,St Davids,100,Princess Street,,RM,IT,IT,,,,,,,,,,,,,,,,,,,,,,,,,AIC004173023,,,,,,,
MAGENTO,2,6021337,,,,,,,,,,,Tiesha,,Oxford,100,Grp Street,,RM,IT,IT,,,,,,,,,,,,,,,,,,,,,,,,,AIC004198026,,,,,,,
MAGENTO,2,6021449,,,,,,,,,,,Reyes,,Truro,100,Quay Street,,RM,IT,IT,,,,,,,,,,,,,,,,,,,,,,,,,AIC004198053,,,,,,,
MAGENTO,2,6021483,,,,,,,,,,,Kisha,,Preston,100,Moon Street,,RM,IT,IT,,,,,,,,,,,,,,,,,,,,,,,,,AIC004226027,,,,,,,
MAGENTO,2,6021496,,,,,,,,,,,Sun,,Ripon,100,Market Street,,RM,IT,IT,,,,,,,,,,,,,,,,,,,,,,,,,AIC004259014,,,,,,,
MAGENTO,2,6021513,,,,,,,,,,,Jeanie,,Glasgow,100,Mosley Street,,RM,IT,IT,,,,,,,,,,,,,,,,,,,,,,,,,AIC004262022,,,,,,,
MAGENTO,2,6021514,,,,,,,,,,,Nicky,,Wells,100,Whitworth Street,,RM,IT,IT,,,,,,,,,,,,,,,,,,,,,,,,,AIC004262034,,,,,,,
MAGENTO,2,6021533,,,,,,,,,,,Lorita,,Norwich,100,Moon Street,,RM,IT,IT,,,,,,,,,,,,,,,,,,,,,,,,,AIC004347011,,,,,,,
MAGENTO,2,6021574,,,,,,,,,,,Johna,,Ripon,100,Oldham Street,,RM,IT,IT,,,,,,,,,,,,,,,,,,,,,,,,,AIC004415030,,,,,,,
MAGENTO,2,6021608,,,,,,,,,,,Tricia,,Londonderry,100,New Cathedral,,RM,IT,IT,,,,,,,,,,,,,,,,,,,,,,,,,AIC004446011,,,,,,,
MAGENTO,2,6021611,,,,,,,,,,,Tara,,Oxford,100,Vant Street,,RM,IT,IT,,,,,,,,,,,,,,,,,,,,,,,,,AIC004446023,,,,,,,
MAGENTO,2,6021838,,,,,,,,,,,Alex,,Oxford,100,Portland Street,,RM,IT,IT,,,,,,,,,,,,,,,,,,,,,,,,,AIC004446035,,,,,,,
MAGENTO,2,6021863,,,,,,,,,,,Elane,,Oxford,100,Urbis Street,,RM,IT,IT,,,,,,,,,,,,,,,,,,,,,,,,,AIC004446050,,,,,,,
MAGENTO,2,6022122,,,,,,,,,,,Gonzalo,,Ely,100,Vant Street,,RM,IT,IT,,,,,,,,,,,,,,,,,,,,,,,,,AIC004446320,,,,,,,
MAGENTO,2,6022140,,,,,,,,,,,Loretta,,Oxford,100,New Cathedral,,RM,IT,IT,,,,,,,,,,,,,,,,,,,,,,,,,AIC004495014,,,,,,,
MAGENTO,2,6022141,,,,,,,,,,,Taryn,,Dundee,100,Urbis Street,,RM,IT,IT,,,,,,,,,,,,,,,,,,,,,,,,,AIC004535035,,,,,,,
MAGENTO,2,6022289,,,,,,,,,,,Mari,,Chichester,100,Oldham Street,,RM,IT,IT,,,,,,,,,,,,,,,,,,,,,,,,,AIC004556015,,,,,,,
MAGENTO,2,6022345,,,,,,,,,,,Hallie,,Worcester,100,Whitworth Street,,RM,IT,IT,,,,,,,,,,,,,,,,,,,,,,,,,AIC004556039,,,,,,,
MAGENTO,2,6022491,,,,,,,,,,,Ignace,,Dundee,100,Canal Street,,RM,IT,IT,,,,,,,,,,,,,,,,,,,,,,,,,AIC004561015,,,,,,,
MAGENTO,2,6022596,,,,,,,,,,,Chelsea,,St Davids,100,Deansgate,,RM,IT,IT,,,,,,,,,,,,,,,,,,,,,,,,,AIC004614018,,,,,,,
MAGENTO,2,6022683,,,,,,,,,,,Denisha,,Wells,100,King Street,,RM,IT,IT,,,,,,,,,,,,,,,,,,,,,,,,,AIC004625012,,,,,,,
MAGENTO,2,6022718,,,,,,,,,,,Lenore,,Ely,100,Sackville Street,,RM,IT,IT,,,,,,,,,,,,,,,,,,,,,,,,,AIC004625024,,,,,,,
MAGENTO,2,6022730,,,,,,,,,,,Ethelene,,Glasgow,100,Water Street,,RM,IT,IT,,,,,,,,,,,,,,,,,,,,,,,,,AIC004625036,,,,,,,
MAGENTO,2,6022980,,,,,,,,,,,Betsy,,St Davids,100,Quay Street,,RM,IT,IT,,,,,,,,,,,,,,,,,,,,,,,,,AIC004625048,,,,,,,
MAGENTO,2,6023052,,,,,,,,,,,Sherita,,Salisbury,100,Corporation Street,,RM,IT,IT,,,,,,,,,,,,,,,,,,,,,,,,,AIC004642031,,,,,,,
MAGENTO,2,6023075,,,,,,,,,,,Tisha,,Edinburgh,100,Oldham Street,,RM,IT,IT,,,,,,,,,,,,,,,,,,,,,,,,,AIC004642068,,,,,,,
MAGENTO,2,6023129,,,,,,,,,,,Tyra,,Worcester,100,Quay Street,,RM,IT,IT,,,,,,,,,,,,,,,,,,,,,,,,,AIC004643021,,,,,,,
MAGENTO,2,6023138,,,,,,,,,,,Laurence,,Wolverhampton,100,Portland Street,,RM,IT,IT,,,,,,,,,,,,,,,,,,,,,,,,,AIC004667022,,,,,,,
MAGENTO,2,6023168,,,,,,,,,,,Clair,,Bangor,100,Market Street,,RM,IT,IT,,,,,,,,,,,,,,,,,,,,,,,,,AIC004667034,,,,,,,
MAGENTO,2,6023319,,,,,,,,,,,Xuan,,Ripon,100,King Street,,RM,IT,IT,,,,,,,,,,,,,,,,,,,,,,,,,AIC004672034,,,,,,,
MAGENTO,2,6023720,,,,,,,,,,,Giovanni,,Londonderry,100,Market Street,,RM,IT,IT,,,,,,,,,,,,,,,,,,,,,,,,,AIC004687024,,,,,,,
MAGENTO,2,6023726,,,,,,,,,,,Felton,,Wells,100,Princess Street,,RM,IT,IT,,,,,,,,,,,,,,,,,,,,,,,,,AIC004687036,,,,,,,
MAGENTO,2,6023773,,,,,,,,,,,Corey,,Oxford,100,Wilmslow Road,,RM,IT,IT,,,,,,,,,,,,,,,,,,,,,,,,,AIC004696023,,,,,,,
MAGENTO,2,6023825,,,,,,,,,,,Noe,,Ripon,100,Quay Street,,RM,IT,IT,,,,,,,,,,,,,,,,,,,,,,,,,AIC004696035,,,,,,,
MAGENTO,2,6023826,,,,,,,,,,,Tonita,,Oxford,100,Water Street,,RM,IT,IT,,,,,,,,,,,,,,,,,,,,,,,,,AIC004758025,,,,,,,
MAGENTO,2,6023831,,,,,,,,,,,Ressie,,Oxford,100,Kingsway,,RM,IT,IT,,,,,,,,,,,,,,,,,,,,,,,,,AIC004805014,,,,,,,
MAGENTO,2,6023832,,,,,,,,,,,Haydee,,Oxford,100,Canal Street,,RM,IT,IT,,,,,,,,,,,,,,,,,,,,,,,,,AIC004829014,,,,,,,
MAGENTO,2,6023833,,,,,,,,,,,Lilia,,Ripon,100,Party Street,,RM,IT,IT,,,,,,,,,,,,,,,,,,,,,,,,,AIC004840029,,,,,,,
MAGENTO,2,6023841,,,,,,,,,,,Evrard,,Nottingham,100,Agra Street,,RM,IT,IT,,,,,,,,,,,,,,,,,,,,,,,,,AIC004840031,,,,,,,
MAGENTO,2,6023895,,,,,,,,,,,Freeman,,Preston,100,Mosley Street,,RM,IT,IT,,,,,,,,,,,,,,,,,,,,,,,,,AIC004840056,,,,,,,
MAGENTO,2,6023896,,,,,,,,,,,Marcel,,Durham,100,Wilmslow Road,,RM,IT,IT,,,,,,,,,,,,,,,,,,,,,,,,,AIC004853014,,,,,,,
MAGENTO,2,6023902,,,,,,,,,,,Verna,,Edinburgh,100,Portland Street,,RM,IT,IT,,,,,,,,,,,,,,,,,,,,,,,,,AIC004857013,,,,,,,
MAGENTO,2,6023907,,,,,,,,,,,Malinda,,Glasgow,100,Atdf Street,,RM,IT,IT,,,,,,,,,,,,,,,,,,,,,,,,,AIC004880023,,,,,,,
MAGENTO,2,6023916,,,,,,,,,,,Karmen,,Oxford,100,Whitworth Street,,RM,IT,IT,,,,,,,,,,,,,,,,,,,,,,,,,AIC004897029,,,,,,,
MAGENTO,2,6023927,,,,,,,,,,,Pennie,,Salisbury,100,Atdf Street,,RM,IT,IT,,,,,,,,,,,,,,,,,,,,,,,,,AIC004905079,,,,,,,
MAGENTO,2,6023971,,,,,,,,,,,Arline,,Nottingham,100,Oxford Road,,RM,IT,IT,,,,,,,,,,,,,,,,,,,,,,,,,AIC004905081,,,,,,,
MAGENTO,2,6023985,,,,,,,,,,,Truman,,Ely,100,Corporation Street,,RM,IT,IT,,,,,,,,,,,,,,,,,,,,,,,,,AIC004905093,,,,,,,
MAGENTO,2,6023993,,,,,,,,,,,Tonya,,Oxford,100,Portland Street,,RM,IT,IT,,,,,,,,,,,,,,,,,,,,,,,,,AIC004905105,,,,,,,
MAGENTO,2,6024047,,,,,,,,,,,Fidela,,Durham,100,Oldham Street,,RM,IT,IT,,,,,,,,,,,,,,,,,,,,,,,,,AIC004961013,,,,,,,
MAGENTO,2,6024050,,,,,,,,,,,Rosanne,,Bangor,100,Water Street,,RM,IT,IT,,,,,,,,,,,,,,,,,,,,,,,,,AIC004961037,,,,,,,
MAGENTO,2,6024053,,,,,,,,,,,Monroe,,Bangor,100,Corporation Street,,RM,IT,IT,,,,,,,,,,,,,,,,,,,,,,,,,AIC005020021,,,,,,,
MAGENTO,2,6024054,,,,,,,,,,,Vail,,Norwich,100,Princess Street,,RM,IT,IT,,,,,,,,,,,,,,,,,,,,,,,,,AIC005026012,,,,,,,
MAGENTO,2,6024058,,,,,,,,,,,Monte,,Wells,100,Whitworth Street,,RM,IT,IT,,,,,,,,,,,,,,,,,,,,,,,,,AIC005030010,,,,,,,
MAGENTO,2,6024079,,,,,,,,,,,Dani,,Oxford,100,Grp Street,,RM,IT,IT,,,,,,,,,,,,,,,,,,,,,,,,,AIC005030022,,,,,,,
MAGENTO,2,6024092,,,,,,,,,,,Ofelia,,Bradford,100,Princess Street,,RM,IT,IT,,,,,,,,,,,,,,,,,,,,,,,,,AIC005033028,,,,,,,
MAGENTO,2,6024106,,,,,,,,,,,Xavierre,,Edinburgh,100,Grp Street,,RM,IT,IT,,,,,,,,,,,,,,,,,,,,,,,,,AIC005047081,,,,,,,
MAGENTO,2,6024108,,,,,,,,,,,Bennie,,Bradford,100,Grp Street,,RM,IT,IT,,,,,,,,,,,,,,,,,,,,,,,,,AIC005101023,,,,,,,
MAGENTO,2,6024134,,,,,,,,,,,Lan,,Ripon,100,Whitworth Street,,RM,IT,IT,,,,,,,,,,,,,,,,,,,,,,,,,AIC005104029,,,,,,,
MAGENTO,2,6024166,,,,,,,,,,,Lovie,,Truro,100,Agra Street,,RM,IT,IT,,,,,,,,,,,,,,,,,,,,,,,,,AIC005107014,,,,,,,
MAGENTO,2,6024196,,,,,,,,,,,Rosanne,,Ely,100,Market Street,,RM,IT,IT,,,,,,,,,,,,,,,,,,,,,,,,,AIC005125036,,,,,,,
MAGENTO,2,6024222,,,,,,,,,,,Waldo,,Durham,100,Moon Street,,RM,IT,IT,,,,,,,,,,,,,,,,,,,,,,,,,AIC005166018,,,,,,,
MAGENTO,2,6024223,,,,,,,,,,,Rolando,,Salisbury,100,Wilmslow Road,,RM,IT,IT,,,,,,,,,,,,,,,,,,,,,,,,,AIC005166020,,,,,,,
MAGENTO,2,6024235,,,,,,,,,,,Maryse,,St Davids,100,Agra Street,,RM,IT,IT,,,,,,,,,,,,,,,,,,,,,,,,,AIC005181019,,,,,,,
MAGENTO,2,6024241,,,,,,,,,,,Antone,,Wolverhampton,100,Canal Street,,RM,IT,IT,,,,,,,,,,,,,,,,,,,,,,,,,AIC005212016,,,,,,,
MAGENTO,2,6024285,,,,,,,,,,,Algernon,,Ely,100,Deansgate,,RM,IT,IT,,,,,,,,,,,,,,,,,,,,,,,,,AIC005225014,,,,,,,
MAGENTO,2,6024289,,,,,,,,,,,Lottie,,Salisbury,100,Oldham Street,,RM,IT,IT,,,,,,,,,,,,,,,,,,,,,,,,,AIC005277013,,,,,,,
MAGENTO,2,6024319,,,,,,,,,,,Wendell,,Salford,100,Portland Street,,RM,IT,IT,,,,,,,,,,,,,,,,,,,,,,,,,AIC005277025,,,,,,,
MAGENTO,2,6024333,,,,,,,,,,,Randall,,Preston,100,Deansgate,,RM,IT,IT,,,,,,,,,,,,,,,,,,,,,,,,,AIC005328012,,,,,,,
MAGENTO,2,6024334,,,,,,,,,,,Almeta,,Dundee,100,Deansgate,,RM,IT,IT,,,,,,,,,,,,,,,,,,,,,,,,,AIC005328024,,,,,,,
MAGENTO,2,6024357,,,,,,,,,,,Branden,,Ely,100,Mosley Street,,RM,IT,IT,,,,,,,,,,,,,,,,,,,,,,,,,AIC005414014,,,,,,,
MAGENTO,2,6024384,,,,,,,,,,,Jarred,,Ripon,100,Grp Street,,RM,IT,IT,,,,,,,,,,,,,,,,,,,,,,,,,AIC005488010,,,,,,,
MAGENTO,2,6024393,,,,,,,,,,,Virgina,,Norwich,100,Atdf Street,,RM,IT,IT,,,,,,,,,,,,,,,,,,,,,,,,,AIC005494012,,,,,,,
MAGENTO,2,6024424,,,,,,,,,,,Stella,,Wolverhampton,100,Mosley Street,,RM,IT,IT,,,,,,,,,,,,,,,,,,,,,,,,,AIC005537016,,,,,,,
MAGENTO,2,6024425,,,,,,,,,,,Sarah,,Bangor,100,Oldham Street,,RM,IT,IT,,,,,,,,,,,,,,,,,,,,,,,,,AIC005556016,,,,,,,
MAGENTO,2,6024427,,,,,,,,,,,Jonas,,Ely,100,Grp Street,,RM,IT,IT,,,,,,,,,,,,,,,,,,,,,,,,,AIC005557018,,,,,,,
MAGENTO,2,6024429,,,,,,,,,,,Joye,,Oxford,100,King Street,,RM,IT,IT,,,,,,,,,,,,,,,,,,,,,,,,,AIC005640053,,,,,,,
MAGENTO,2,6024474,,,,,,,,,,,Flordelis,,Oxford,100,Whitworth Street,,RM,IT,IT,,,,,,,,,,,,,,,,,,,,,,,,,AIC005647060,,,,,,,
MAGENTO,2,6024480,,,,,,,,,,,Rickie,,Truro,100,Corporation Street,,RM,IT,IT,,,,,,,,,,,,,,,,,,,,,,,,,AIC005672023,,,,,,,
MAGENTO,2,6024498,,,,,,,,,,,Libbie,,Wolverhampton,100,Urbis Street,,RM,IT,IT,,,,,,,,,,,,,,,,,,,,,,,,,AIC005684055,,,,,,,
MAGENTO,2,6024560,,,,,,,,,,,Faith,,Ripon,100,Urbis Street,,RM,IT,IT,,,,,,,,,,,,,,,,,,,,,,,,,AIC005749015,,,,,,,
MAGENTO,2,6024561,,,,,,,,,,,Jimmie,,Londonderry,100,Corporation Street,,RM,IT,IT,,,,,,,,,,,,,,,,,,,,,,,,,AIC005749039,,,,,,,
MAGENTO,2,6024578,,,,,,,,,,,Kim,,Londonderry,100,Atdf Street,,RM,IT,IT,,,,,,,,,,,,,,,,,,,,,,,,,AIC005781048,,,,,,,
MAGENTO,2,6024594,,,,,,,,,,,Janette,,Nottingham,100,Deansgate,,RM,IT,IT,,,,,,,,,,,,,,,,,,,,,,,,,AIC005986017,,,,,,,
MAGENTO,2,6024608,,,,,,,,,,,Saul,,Ely,100,Portland Street,,RM,IT,IT,,,,,,,,,,,,,,,,,,,,,,,,,AIC006006011,,,,,,,
MAGENTO,2,6024609,,,,,,,,,,,Jen,,Truro,100,Market Street,,RM,IT,IT,,,,,,,,,,,,,,,,,,,,,,,,,AIC006012013,,,,,,,
MAGENTO,2,6024623,,,,,,,,,,,Marybeth,,St Davids,100,New Cathedral,,RM,IT,IT,,,,,,,,,,,,,,,,,,,,,,,,,AIC006105023,,,,,,,
MAGENTO,2,6024632,,,,,,,,,,,Karin,,Ely,100,Deansgate,,RM,IT,IT,,,,,,,,,,,,,,,,,,,,,,,,,AIC006105035,,,,,,,
MAGENTO,2,6024641,,,,,,,,,,,Irma,,Glasgow,100,Portland Street,,RM,IT,IT,,,,,,,,,,,,,,,,,,,,,,,,,AIC006105047,,,,,,,
MAGENTO,2,6024643,,,,,,,,,,,Orva,,Worcester,100,Portland Street,,RM,IT,IT,,,,,,,,,,,,,,,,,,,,,,,,,AIC006105050,,,,,,,
MAGENTO,2,6024653,,,,,,,,,,,Tanesha,,Dundee,100,Moon Street,,RM,IT,IT,,,,,,,,,,,,,,,,,,,,,,,,,AIC006105062,,,,,,,
MAGENTO,2,6024662,,,,,,,,,,,Nita,,Bangor,100,Grp Street,,RM,IT,IT,,,,,,,,,,,,,,,,,,,,,,,,,AIC006139024,,,,,,,
MAGENTO,2,6024672,,,,,,,,,,,Basil,,Ripon,100,Whitworth Street,,RM,IT,IT,,,,,,,,,,,,,,,,,,,,,,,,,AIC006152058,,,,,,,
MAGENTO,2,6024673,,,,,,,,,,,Margret,,Glasgow,100,Sackville Street,,RM,IT,IT,,,,,,,,,,,,,,,,,,,,,,,,,AIC006204010,,,,,,,
MAGENTO,2,6024738,,,,,,,,,,,Sharmaine,,Truro,100,Party Street,,RM,IT,IT,,,,,,,,,,,,,,,,,,,,,,,,,AIC006204022,,,,,,,
MAGENTO,2,6024757,,,,,,,,,,,Danial,,Durham,100,King Street,,RM,IT,IT,,,,,,,,,,,,,,,,,,,,,,,,,AIC006204034,,,,,,,
MAGENTO,2,6024758,,,,,,,,,,,Tonita,,Durham,100,Vant Street,,RM,IT,IT,,,,,,,,,,,,,,,,,,,,,,,,,AIC006275010,,,,,,,
MAGENTO,2,6024844,,,,,,,,,,,Bianca,,Truro,100,Whitworth Street,,RM,IT,IT,,,,,,,,,,,,,,,,,,,,,,,,,AIC006340032,,,,,,,
MAGENTO,2,6024866,,,,,,,,,,,Sierra,,Wolverhampton,100,Market Street,,RM,IT,IT,,,,,,,,,,,,,,,,,,,,,,,,,AIC006373017,,,,,,,
MAGENTO,2,6025024,,,,,,,,,,,Mona,,Ely,100,Corporation Street,,RM,IT,IT,,,,,,,,,,,,,,,,,,,,,,,,,AIC006387017,,,,,,,
MAGENTO,2,6025069,,,,,,,,,,,Dennis,,Truro,100,Party Street,,RM,IT,IT,,,,,,,,,,,,,,,,,,,,,,,,,AIC006387031,,,,,,,
MAGENTO,2,6025108,,,,,,,,,,,Jonie,,Worcester,100,Moon Street,,RM,IT,IT,,,,,,,,,,,,,,,,,,,,,,,,,AIC006432025,,,,,,,
MAGENTO,2,6025143,,,,,,,,,,,Fiacre,,Ripon,100,Quay Street,,RM,IT,IT,,,,,,,,,,,,,,,,,,,,,,,,,AIC006432037,,,,,,,
MAGENTO,2,6025175,,,,,,,,,,,Lewis,,Ripon,100,Oxford Road,,RM,IT,IT,,,,,,,,,,,,,,,,,,,,,,,,,AIC006455024,,,,,,,
MAGENTO,2,6025190,,,,,,,,,,,Hildegard,,Worcester,100,Whitworth Street,,RM,IT,IT,,,,,,,,,,,,,,,,,,,,,,,,,AIC006483010,,,,,,,
MAGENTO,2,6025366,,,,,,,,,,,Madeline,,Norwich,100,Deansgate,,RM,IT,IT,,,,,,,,,,,,,,,,,,,,,,,,,AIC006540013,,,,,,,
MAGENTO,2,6025402,,,,,,,,,,,Keenan,,Salford,100,Deansgate,,RM,IT,IT,,,,,,,,,,,,,,,,,,,,,,,,,AIC006540025,,,,,,,
MAGENTO,2,6025416,,,,,,,,,,,Britney,,Ely,100,Oldham Street,,RM,IT,IT,,,,,,,,,,,,,,,,,,,,,,,,,AIC006557019,,,,,,,
MAGENTO,2,6025621,,,,,,,,,,,Terrence,,Chichester,100,Whitworth Street,,RM,IT,IT,,,,,,,,,,,,,,,,,,,,,,,,,AIC006557021,,,,,,,
MAGENTO,2,6025729,,,,,,,,,,,Shiela,,Dundee,100,King Street,,RM,IT,IT,,,,,,,,,,,,,,,,,,,,,,,,,AIC006557060,,,,,,,
MAGENTO,2,6025872,,,,,,,,,,,Sharon,,Glasgow,100,Quay Street,,RM,IT,IT,,,,,,,,,,,,,,,,,,,,,,,,,AIC006733012,,,,,,,
MAGENTO,2,6025920,,,,,,,,,,,Yu,,Wolverhampton,100,Water Street,,RM,IT,IT,,,,,,,,,,,,,,,,,,,,,,,,,AIC006733024,,,,,,,
MAGENTO,2,6025955,,,,,,,,,,,Oceane,,Norwich,100,Whitworth Street,,RM,IT,IT,,,,,,,,,,,,,,,,,,,,,,,,,AIC006809026,,,,,,,
MAGENTO,2,6025973,,,,,,,,,,,Shanda,,Wells,100,Portland Street,,RM,IT,IT,,,,,,,,,,,,,,,,,,,,,,,,,AIC006809038,,,,,,,
MAGENTO,2,6026045,,,,,,,,,,,Carson,,Worcester,100,King Street,,RM,IT,IT,,,,,,,,,,,,,,,,,,,,,,,,,AIC006965014,,,,,,,
MAGENTO,2,6026427,,,,,,,,,,,Garnet,,Bangor,100,King Street,,RM,IT,IT,,,,,,,,,,,,,,,,,,,,,,,,,AIC006967018,,,,,,,
MAGENTO,2,6026486,,,,,,,,,,,Stephen,,Oxford,100,Agra Street,,RM,IT,IT,,,,,,,,,,,,,,,,,,,,,,,,,AIC007110012,,,,,,,
MAGENTO,2,6026499,,,,,,,,,,,Langley,,Dundee,100,Corporation Street,,RM,IT,IT,,,,,,,,,,,,,,,,,,,,,,,,,AIC007127018,,,,,,,
MAGENTO,2,6026834,,,,,,,,,,,Bunny,,Worcester,100,Grp Street,,RM,IT,IT,,,,,,,,,,,,,,,,,,,,,,,,,AIC007127020,,,,,,,
MAGENTO,2,6027143,,,,,,,,,,,Bethann,,Oxford,100,New Cathedral,,RM,IT,IT,,,,,,,,,,,,,,,,,,,,,,,,,AIC007127032,,,,,,,
MAGENTO,2,6027217,,,,,,,,,,,Dione,,St Davids,100,Oxford Road,,RM,IT,IT,,,,,,,,,,,,,,,,,,,,,,,,,AIC007172018,,,,,,,
MAGENTO,2,6027263,,,,,,,,,,,Alla,,Durham,100,Urbis Street,,RM,IT,IT,,,,,,,,,,,,,,,,,,,,,,,,,AIC007218047,,,,,,,
MAGENTO,2,6027310,,,,,,,,,,,Madelyn,,Oxford,100,Oxford Road,,RM,IT,IT,,,,,,,,,,,,,,,,,,,,,,,,,AIC007224013,,,,,,,
MAGENTO,2,6027333,,,,,,,,,,,Shaunna,,Ripon,100,Wilmslow Road,,RM,IT,IT,,,,,,,,,,,,,,,,,,,,,,,,,AIC007285012,,,,,,,
MAGENTO,2,6027619,,,,,,,,,,,Gale,,Bradford,100,King Street,,RM,IT,IT,,,,,,,,,,,,,,,,,,,,,,,,,AIC007288018,,,,,,,
MAGENTO,2,6027644,,,,,,,,,,,Lotye,,Edinburgh,100,Mosley Street,,RM,IT,IT,,,,,,,,,,,,,,,,,,,,,,,,,AIC007288119,,,,,,,
MAGENTO,2,6027653,,,,,,,,,,,Bobbie,,Nottingham,100,Portland Street,,RM,IT,IT,,,,,,,,,,,,,,,,,,,,,,,,,AIC007288121,,,,,,,
MAGENTO,2,6027805,,,,,,,,,,,Kelsi,,Salford,100,Portland Street,,RM,IT,IT,,,,,,,,,,,,,,,,,,,,,,,,,AIC007293018,,,,,,,
MAGENTO,2,6027806,,,,,,,,,,,Lovie,,Worcester,100,Mosley Street,,RM,IT,IT,,,,,,,,,,,,,,,,,,,,,,,,,AIC007293020,,,,,,,
MAGENTO,2,6027890,,,,,,,,,,,Sherwood,,Nottingham,100,Corporation Street,,RM,IT,IT,,,,,,,,,,,,,,,,,,,,,,,,,AIC007401019,,,,,,,
MAGENTO,2,6027963,,,,,,,,,,,Rosendo,,Salisbury,100,Urbis Street,,RM,IT,IT,,,,,,,,,,,,,,,,,,,,,,,,,AIC007401033,,,,,,,
MAGENTO,2,6027965,,,,,,,,,,,Jennell,,Nottingham,100,New Cathedral,,RM,IT,IT,,,,,,,,,,,,,,,,,,,,,,,,,AIC007416011,,,,,,,
MAGENTO,2,6028010,,,,,,,,,,,Ana,,St Davids,100,Urbis Street,,RM,IT,IT,,,,,,,,,,,,,,,,,,,,,,,,,AIC007438017,,,,,,,
MAGENTO,2,6028039,,,,,,,,,,,Fawn,,Ely,100,New Cathedral,,RM,IT,IT,,,,,,,,,,,,,,,,,,,,,,,,,AIC007451014,,,,,,,
MAGENTO,2,6028050,,,,,,,,,,,Emilie,,Bangor,100,Kingsway,,RM,IT,IT,,,,,,,,,,,,,,,,,,,,,,,,,AIC007451026,,,,,,,
MAGENTO,2,6028051,,,,,,,,,,,Dixie,,St Davids,100,Grp Street,,RM,IT,IT,,,,,,,,,,,,,,,,,,,,,,,,,AIC007451040,,,,,,,
MAGENTO,2,6028099,,,,,,,,,,,Shante,,Norwich,100,Agra Street,,RM,IT,IT,,,,,,,,,,,,,,,,,,,,,,,,,AIC007451053,,,,,,,
MAGENTO,2,6028117,,,,,,,,,,,Almeta,,Salisbury,100,Princess Street,,RM,IT,IT,,,,,,,,,,,,,,,,,,,,,,,,,AIC007584016,,,,,,,
MAGENTO,2,6028124,,,,,,,,,,,Sofia,,Wolverhampton,100,Princess Street,,RM,IT,IT,,,,,,,,,,,,,,,,,,,,,,,,,AIC007584028,,,,,,,
MAGENTO,2,6028181,,,,,,,,,,,Philip,,Salisbury,100,Quay Street,,RM,IT,IT,,,,,,,,,,,,,,,,,,,,,,,,,AIC007610013,,,,,,,
MAGENTO,2,6028211,,,,,,,,,,,Tawana,,Salford,100,Party Street,,RM,IT,IT,,,,,,,,,,,,,,,,,,,,,,,,,AIC007610037,,,,,,,
MAGENTO,2,6028266,,,,,,,,,,,Angela,,Nottingham,100,Oxford Road,,RM,IT,IT,,,,,,,,,,,,,,,,,,,,,,,,,AIC007645070,,,,,,,
MAGENTO,2,6028464,,,,,,,,,,,Jacinta,,Salisbury,100,Vant Street,,RM,IT,IT,,,,,,,,,,,,,,,,,,,,,,,,,AIC007645082,,,,,,,
MAGENTO,2,6028927,,,,,,,,,,,Larry,,Ripon,100,Grp Street,,RM,IT,IT,,,,,,,,,,,,,,,,,,,,,,,,,AIC007657012,,,,,,,
MAGENTO,2,6029687,,,,,,,,,,,Doris,,Worcester,100,Grp Street,,RM,IT,IT,,,,,,,,,,,,,,,,,,,,,,,,,AIC007701081,,,,,,,
MAGENTO,2,6029952,,,,,,,,,,,Teri,,Preston,100,Wilmslow Road,,RM,IT,IT,,,,,,,,,,,,,,,,,,,,,,,,,AIC007780024,,,,,,,
MAGENTO,2,6030145,,,,,,,,,,,Minnie,,Worcester,100,New Cathedral,,RM,IT,IT,,,,,,,,,,,,,,,,,,,,,,,,,AIC007780051,,,,,,,
MAGENTO,2,6030153,,,,,,,,,,,Lucy,,Wells,100,Water Street,,RM,IT,IT,,,,,,,,,,,,,,,,,,,,,,,,,AIC007846049,,,,,,,
MAGENTO,2,6030192,,,,,,,,,,,Mavise,,Oxford,100,Grp Street,,RM,IT,IT,,,,,,,,,,,,,,,,,,,,,,,,,AIC007893124,,,,,,,
MAGENTO,2,6030273,,,,,,,,,,,Cecilia,,Salford,100,Canal Street,,RM,IT,IT,,,,,,,,,,,,,,,,,,,,,,,,,AIC007893151,,,,,,,
MAGENTO,2,6030364,,,,,,,,,,,Victor,,Bangor,100,Mosley Street,,RM,IT,IT,,,,,,,,,,,,,,,,,,,,,,,,,AIC007893163,,,,,,,
MAGENTO,2,6030514,,,,,,,,,,,Demarcus,,Ripon,100,Grp Street,,RM,IT,IT,,,,,,,,,,,,,,,,,,,,,,,,,AIC007893175,,,,,,,
MAGENTO,2,6030564,,,,,,,,,,,Randall,,Oxford,100,Mosley Street,,RM,IT,IT,,,,,,,,,,,,,,,,,,,,,,,,,AIC007893187,,,,,,,
MAGENTO,2,6030579,,,,,,,,,,,Ranee,,Worcester,100,Wilmslow Road,,RM,IT,IT,,,,,,,,,,,,,,,,,,,,,,,,,AIC007893199,,,,,,,
MAGENTO,2,6030591,,,,,,,,,,,Margarette,,Durham,100,New Cathedral,,RM,IT,IT,,,,,,,,,,,,,,,,,,,,,,,,,AIC007934019,,,,,,,
MAGENTO,2,6030643,,,,,,,,,,,Tyson,,Oxford,100,Vant Street,,RM,IT,IT,,,,,,,,,,,,,,,,,,,,,,,,,AIC008077012,,,,,,,
MAGENTO,2,6030663,,,,,,,,,,,Ola,,Oxford,100,Water Street,,RM,IT,IT,,,,,,,,,,,,,,,,,,,,,,,,,AIC008086023,,,,,,,
MAGENTO,2,6030676,,,,,,,,,,,Jeanie,,Nottingham,100,Vant Street,,RM,IT,IT,,,,,,,,,,,,,,,,,,,,,,,,,AIC008093015,,,,,,,
MAGENTO,2,6030811,,,,,,,,,,,Naoma,,Nottingham,100,Whitworth Street,,RM,IT,IT,,,,,,,,,,,,,,,,,,,,,,,,,AIC008093039,,,,,,,
MAGENTO,2,6030974,,,,,,,,,,,Jana,,Glasgow,100,Oxford Road,,RM,IT,IT,,,,,,,,,,,,,,,,,,,,,,,,,AIC008143012,,,,,,,
MAGENTO,2,6031034,,,,,,,,,,,Lavonia,,Norwich,100,Agra Street,,RM,IT,IT,,,,,,,,,,,,,,,,,,,,,,,,,AIC008143024,,,,,,,
MAGENTO,2,6031168,,,,,,,,,,,Nikita,,Norwich,100,Vant Street,,RM,IT,IT,,,,,,,,,,,,,,,,,,,,,,,,,AIC008165021,,,,,,,
MAGENTO,2,6031228,,,,,,,,,,,Carine,,Truro,100,Market Street,,RM,IT,IT,,,,,,,,,,,,,,,,,,,,,,,,,AIC008165033,,,,,,,
MAGENTO,2,6031260,,,,,,,,,,,Dottie,,Worcester,100,Corporation Street,,RM,IT,IT,,,,,,,,,,,,,,,,,,,,,,,,,AIC008165045,,,,,,,
MAGENTO,2,6031286,,,,,,,,,,,Dallas,,Truro,100,Moon Street,,RM,IT,IT,,,,,,,,,,,,,,,,,,,,,,,,,AIC008174017,,,,,,,
MAGENTO,2,6031289,,,,,,,,,,,Korey,,Ely,100,Mosley Street,,RM,IT,IT,,,,,,,,,,,,,,,,,,,,,,,,,AIC008195024,,,,,,,
MAGENTO,2,6031307,,,,,,,,,,,Faustin,,Nottingham,100,Deansgate,,RM,IT,IT,,,,,,,,,,,,,,,,,,,,,,,,,AIC008250019,,,,,,,
MAGENTO,2,6031380,,,,,,,,,,,Houston,,Dundee,100,Princess Street,,RM,IT,IT,,,,,,,,,,,,,,,,,,,,,,,,,AIC008298034,,,,,,,
MAGENTO,2,6031618,,,,,,,,,,,Genevieve,,Worcester,100,Princess Street,,RM,IT,IT,,,,,,,,,,,,,,,,,,,,,,,,,AIC008358018,,,,,,,
MAGENTO,2,6031699,,,,,,,,,,,Azura,,Oxford,100,Oxford Road,,RM,IT,IT,,,,,,,,,,,,,,,,,,,,,,,,,AIC008381016,,,,,,,
MAGENTO,2,6031760,,,,,,,,,,,Andy,,Oxford,100,Quay Street,,RM,IT,IT,,,,,,,,,,,,,,,,,,,,,,,,,AIC008381030,,,,,,,
MAGENTO,2,6031790,,,,,,,,,,,Shawn,,Norwich,100,Oldham Street,,RM,IT,IT,,,,,,,,,,,,,,,,,,,,,,,,,AIC008475016,,,,,,,
MAGENTO,2,6031938,,,,,,,,,,,Wilfredo,,St Davids,100,Wilmslow Road,,RM,IT,IT,,,,,,,,,,,,,,,,,,,,,,,,,AIC008475028,,,,,,,
MAGENTO,2,6032058,,,,,,,,,,,Fausto,,Bangor,100,Atdf Street,,RM,IT,IT,,,,,,,,,,,,,,,,,,,,,,,,,AIC008477046,,,,,,,
MAGENTO,2,6032424,,,,,,,,,,,Alissa,,Londonderry,100,Princess Street,,RM,IT,IT,,,,,,,,,,,,,,,,,,,,,,,,,AIC008477059,,,,,,,
MAGENTO,2,6032553,,,,,,,,,,,Holley,,Ely,100,Atdf Street,,RM,IT,IT,,,,,,,,,,,,,,,,,,,,,,,,,AIC008478012,,,,,,,
MAGENTO,2,6032605,,,,,,,,,,,Sherril,,Chichester,100,Moon Street,,RM,IT,IT,,,,,,,,,,,,,,,,,,,,,,,,,AIC008478024,,,,,,,
MAGENTO,2,6032685,,,,,,,,,,,Suzanna,,Oxford,100,Party Street,,RM,IT,IT,,,,,,,,,,,,,,,,,,,,,,,,,AIC008515013,,,,,,,
MAGENTO,2,6032796,,,,,,,,,,,Joshua,,Norwich,100,Portland Street,,RM,IT,IT,,,,,,,,,,,,,,,,,,,,,,,,,AIC008546018,,,,,,,
MAGENTO,2,6032818,,,,,,,,,,,Marshall,,Truro,100,Agra Street,,RM,IT,IT,,,,,,,,,,,,,,,,,,,,,,,,,AIC008569030,,,,,,,
MAGENTO,2,6032885,,,,,,,,,,,Kristofer,,Worcester,100,Vant Street,,RM,IT,IT,,,,,,,,,,,,,,,,,,,,,,,,,AIC008569042,,,,,,,
MAGENTO,2,6032973,,,,,,,,,,,Georgette,,Preston,100,Moon Street,,RM,IT,IT,,,,,,,,,,,,,,,,,,,,,,,,,AIC008570020,,,,,,,
MAGENTO,2,6033003,,,,,,,,,,,Kristina,,Chichester,100,Deansgate,,RM,IT,IT,,,,,,,,,,,,,,,,,,,,,,,,,AIC008595062,,,,,,,
MAGENTO,2,6033009,,,,,,,,,,,Shari,,Wells,100,Party Street,,RM,IT,IT,,,,,,,,,,,,,,,,,,,,,,,,,AIC008596013,,,,,,,
MAGENTO,2,6033051,,,,,,,,,,,Jamie,,Durham,100,Portland Street,,RM,IT,IT,,,,,,,,,,,,,,,,,,,,,,,,,AIC008631020,,,,,,,
MAGENTO,2,6033238,,,,,,,,,,,Chester,,Salford,100,Portland Street,,RM,IT,IT,,,,,,,,,,,,,,,,,,,,,,,,,AIC008631032,,,,,,,
MAGENTO,2,6033309,,,,,,,,,,,Corliss,,Salford,100,Oxford Road,,RM,IT,IT,,,,,,,,,,,,,,,,,,,,,,,,,AIC008632010,,,,,,,
MAGENTO,2,6033612,,,,,,,,,,,Christene,,Chichester,100,Vant Street,,RM,IT,IT,,,,,,,,,,,,,,,,,,,,,,,,,AIC008634026,,,,,,,
MAGENTO,2,6033628,,,,,,,,,,,Agramant,,Nottingham,100,Grp Street,,RM,IT,IT,,,,,,,,,,,,,,,,,,,,,,,,,AIC008679033,,,,,,,
MAGENTO,2,6033906,,,,,,,,,,,Calvin,,Bradford,100,Canal Street,,RM,IT,IT,,,,,,,,,,,,,,,,,,,,,,,,,AIC008679045,,,,,,,
MAGENTO,2,6034027,,,,,,,,,,,Alonzo,,Ripon,100,Market Street,,RM,IT,IT,,,,,,,,,,,,,,,,,,,,,,,,,AIC008701029,,,,,,,
MAGENTO,2,6034055,,,,,,,,,,,Eliseo,,Oxford,100,Kingsway,,RM,IT,IT,,,,,,,,,,,,,,,,,,,,,,,,,AIC008730032,,,,,,,
MAGENTO,2,6034064,,,,,,,,,,,Chantel,,Durham,100,Whitworth Street,,RM,IT,IT,,,,,,,,,,,,,,,,,,,,,,,,,AIC008730069,,,,,,,
MAGENTO,2,6034106,,,,,,,,,,,Petrina,,Oxford,100,Moon Street,,RM,IT,IT,,,,,,,,,,,,,,,,,,,,,,,,,AIC008757027,,,,,,,
MAGENTO,2,6034155,,,,,,,,,,,Amos,,Oxford,100,Sackville Street,,RM,IT,IT,,,,,,,,,,,,,,,,,,,,,,,,,AIC008776015,,,,,,,
MAGENTO,2,6034187,,,,,,,,,,,Marcela,,Wolverhampton,100,Deansgate,,RM,IT,IT,,,,,,,,,,,,,,,,,,,,,,,,,AIC008776039,,,,,,,
MAGENTO,2,6034252,,,,,,,,,,,Luke,,Wolverhampton,100,Grp Street,,RM,IT,IT,,,,,,,,,,,,,,,,,,,,,,,,,AIC008776041,,,,,,,
MAGENTO,2,6034306,,,,,,,,,,,Robinette,,Truro,100,Vant Street,,RM,IT,IT,,,,,,,,,,,,,,,,,,,,,,,,,AIC008783108,,,,,,,
MAGENTO,2,6034389,,,,,,,,,,,Rayford,,Wolverhampton,100,Deansgate,,RM,IT,IT,,,,,,,,,,,,,,,,,,,,,,,,,AIC008906012,,,,,,,
MAGENTO,2,6034393,,,,,,,,,,,Neal,,Worcester,100,Canal Street,,RM,IT,IT,,,,,,,,,,,,,,,,,,,,,,,,,AIC008912026,,,,,,,
MAGENTO,2,6034400,,,,,,,,,,,Bessie,,St Davids,100,Oldham Street,,RM,IT,IT,,,,,,,,,,,,,,,,,,,,,,,,,AIC009034012,,,,,,,
MAGENTO,2,6034460,,,,,,,,,,,Arnoldo,,Salisbury,100,Whitworth Street,,RM,IT,IT,,,,,,,,,,,,,,,,,,,,,,,,,AIC009034036,,,,,,,
MAGENTO,2,6034539,,,,,,,,,,,Clarissa,,Nottingham,100,Whitworth Street,,RM,IT,IT,,,,,,,,,,,,,,,,,,,,,,,,,AIC009115027,,,,,,,
MAGENTO,2,6034621,,,,,,,,,,,Tifany,,Oxford,100,Sackville Street,,RM,IT,IT,,,,,,,,,,,,,,,,,,,,,,,,,AIC009115039,,,,,,,
MAGENTO,2,6034659,,,,,,,,,,,Joyce,,Ripon,100,Kingsway,,RM,IT,IT,,,,,,,,,,,,,,,,,,,,,,,,,AIC009115078,,,,,,,
MAGENTO,2,6034660,,,,,,,,,,,Louella,,Worcester,100,Grp Street,,RM,IT,IT,,,,,,,,,,,,,,,,,,,,,,,,,AIC009129038,,,,,,,
MAGENTO,2,6034691,,,,,,,,,,,Tana,,Oxford,100,Agra Street,,RM,IT,IT,,,,,,,,,,,,,,,,,,,,,,,,,AIC009129077,,,,,,,
MAGENTO,2,6034824,,,,,,,,,,,Lynelle,,Preston,100,Vant Street,,RM,IT,IT,,,,,,,,,,,,,,,,,,,,,,,,,AIC009129089,,,,,,,
MAGENTO,2,6034978,,,,,,,,,,,Roxanna,,Chichester,100,Princess Street,,RM,IT,IT,,,,,,,,,,,,,,,,,,,,,,,,,AIC009209038,,,,,,,
MAGENTO,2,6034997,,,,,,,,,,,Lon,,Norwich,100,New Cathedral,,RM,IT,IT,,,,,,,,,,,,,,,,,,,,,,,,,AIC009261013,,,,,,,
MAGENTO,2,6035050,,,,,,,,,,,Tamatha,,Salisbury,100,Grp Street,,RM,IT,IT,,,,,,,,,,,,,,,,,,,,,,,,,AIC009261025,,,,,,,
MAGENTO,2,6035052,,,,,,,,,,,Kaci,,Dundee,100,Quay Street,,RM,IT,IT,,,,,,,,,,,,,,,,,,,,,,,,,AIC009286028,,,,,,,
MAGENTO,2,6035179,,,,,,,,,,,Jacob,,Nottingham,100,Moon Street,,RM,IT,IT,,,,,,,,,,,,,,,,,,,,,,,,,AIC009333016,,,,,,,
MAGENTO,2,6035399,,,,,,,,,,,Hung,,Glasgow,100,Mosley Street,,RM,IT,IT,,,,,,,,,,,,,,,,,,,,,,,,,AIC009333028,,,,,,,
MAGENTO,2,6036637,,,,,,,,,,,Krystal,,Preston,100,Deansgate,,RM,IT,IT,,,,,,,,,,,,,,,,,,,,,,,,,AIC009333030,,,,,,,
MAGENTO,2,6036638,,,,,,,,,,,My,,Glasgow,100,Water Street,,RM,IT,IT,,,,,,,,,,,,,,,,,,,,,,,,,AIC009333067,,,,,,,
MAGENTO,2,6037175,,,,,,,,,,,Adrianna,,Truro,100,Vant Street,,RM,IT,IT,,,,,,,,,,,,,,,,,,,,,,,,,AIC009397011,,,,,,,
MAGENTO,2,6037176,,,,,,,,,,,Barney,,Durham,100,Wilmslow Road,,RM,IT,IT,,,,,,,,,,,,,,,,,,,,,,,,,AIC009449012,,,,,,,
MAGENTO,2,6037178,,,,,,,,,,,Corliss,,Bradford,100,King Street,,RM,IT,IT,,,,,,,,,,,,,,,,,,,,,,,,,AIC009449024,,,,,,,
MAGENTO,2,6037181,,,,,,,,,,,Becky,,Chichester,100,Market Street,,RM,IT,IT,,,,,,,,,,,,,,,,,,,,,,,,,AIC009449036,,,,,,,
MAGENTO,2,6037182,,,,,,,,,,,Curt,,Nottingham,100,Corporation Street,,RM,IT,IT,,,,,,,,,,,,,,,,,,,,,,,,,AIC009449051,,,,,,,
MAGENTO,2,6037192,,,,,,,,,,,Alanna,,Londonderry,100,Moon Street,,RM,IT,IT,,,,,,,,,,,,,,,,,,,,,,,,,AIC009466018,,,,,,,
MAGENTO,2,6037321,,,,,,,,,,,Camelia,,Oxford,100,Oxford Road,,RM,IT,IT,,,,,,,,,,,,,,,,,,,,,,,,,AIC009495019,,,,,,,
MAGENTO,2,6037324,,,,,,,,,,,Latoria,,Londonderry,100,Corporation Street,,RM,IT,IT,,,,,,,,,,,,,,,,,,,,,,,,,AIC009496011,,,,,,,
MAGENTO,2,6037325,,,,,,,,,,,Terra,,Dundee,100,Moon Street,,RM,IT,IT,,,,,,,,,,,,,,,,,,,,,,,,,AIC009553037,,,,,,,
MAGENTO,2,6037326,,,,,,,,,,,Laurence,,Wells,100,New Cathedral,,RM,IT,IT,,,,,,,,,,,,,,,,,,,,,,,,,AIC009559016,,,,,,,
MAGENTO,2,6037368,,,,,,,,,,,Hoa,,Salisbury,100,Mosley Street,,RM,IT,IT,,,,,,,,,,,,,,,,,,,,,,,,,AIC009559042,,,,,,,
MAGENTO,2,6037744,,,,,,,,,,,Orlando,,Wells,100,Mosley Street,,RM,IT,IT,,,,,,,,,,,,,,,,,,,,,,,,,AIC009646011,,,,,,,
MAGENTO,2,6037838,,,,,,,,,,,Shawna,,Oxford,100,Wilmslow Road,,RM,IT,IT,,,,,,,,,,,,,,,,,,,,,,,,,AIC009646023,,,,,,,
MAGENTO,2,6038062,,,,,,,,,,,Arianne,,Ripon,100,Mosley Street,,RM,IT,IT,,,,,,,,,,,,,,,,,,,,,,,,,AIC009693021,,,,,,,
MAGENTO,2,6038064,,,,,,,,,,,Marylee,,Glasgow,100,Oxford Road,,RM,IT,IT,,,,,,,,,,,,,,,,,,,,,,,,,AIC009693045,,,,,,,
MAGENTO,2,6038065,,,,,,,,,,,Gregorio,,Ripon,100,Vant Street,,RM,IT,IT,,,,,,,,,,,,,,,,,,,,,,,,,AIC009703012,,,,,,,
MAGENTO,2,6038449,,,,,,,,,,,Campbell,,St Davids,100,Deansgate,,RM,IT,IT,,,,,,,,,,,,,,,,,,,,,,,,,AIC009740010,,,,,,,
MAGENTO,2,6038507,,,,,,,,,,,Heidi,,Norwich,100,Whitworth Street,,RM,IT,IT,,,,,,,,,,,,,,,,,,,,,,,,,AIC009740022,,,,,,,
MAGENTO,2,6038527,,,,,,,,,,,Gilbert,,Bangor,100,Wilmslow Road,,RM,IT,IT,,,,,,,,,,,,,,,,,,,,,,,,,AIC009746013,,,,,,,
MAGENTO,2,6038545,,,,,,,,,,,Silva,,Nottingham,100,Quay Street,,RM,IT,IT,,,,,,,,,,,,,,,,,,,,,,,,,AIC009755024,,,,,,,
MAGENTO,2,6038792,,,,,,,,,,,Amparo,,Bangor,100,Vant Street,,RM,IT,IT,,,,,,,,,,,,,,,,,,,,,,,,,AIC009761014,,,,,,,
MAGENTO,2,6038797,,,,,,,,,,,Bart,,Nottingham,100,New Cathedral,,RM,IT,IT,,,,,,,,,,,,,,,,,,,,,,,,,AIC009816012,,,,,,,
MAGENTO,2,6038867,,,,,,,,,,,Dakota,,Bradford,100,New Cathedral,,RM,IT,IT,,,,,,,,,,,,,,,,,,,,,,,,,AIC009848033,,,,,,,
MAGENTO,2,6038947,,,,,,,,,,,Maye,,Oxford,100,Deansgate,,RM,IT,IT,,,,,,,,,,,,,,,,,,,,,,,,,AIC009848045,,,,,,,
MAGENTO,2,6038973,,,,,,,,,,,Xuan,,Nottingham,100,Sackville Street,,RM,IT,IT,,,,,,,,,,,,,,,,,,,,,,,,,AIC009848084,,,,,,,
MAGENTO,2,6039015,,,,,,,,,,,Rosia,,Bradford,100,Wilmslow Road,,RM,IT,IT,,,,,,,,,,,,,,,,,,,,,,,,,AIC009848096,,,,,,,
MAGENTO,2,6039180,,,,,,,,,,,Felisha,,Oxford,100,Grp Street,,RM,IT,IT,,,,,,,,,,,,,,,,,,,,,,,,,AIC009852017,,,,,,,
MAGENTO,2,6039395,,,,,,,,,,,Ilona,,Oxford,100,Sackville Street,,RM,IT,IT,,,,,,,,,,,,,,,,,,,,,,,,,AIC009919010,,,,,,,
MAGENTO,2,6039952,,,,,,,,,,,Emmanuel,,Salisbury,100,Atdf Street,,RM,IT,IT,,,,,,,,,,,,,,,,,,,,,,,,,AIC009956018,,,,,,,
MAGENTO,2,6040179,,,,,,,,,,,Stephany,,Bangor,100,Deansgate,,RM,IT,IT,,,,,,,,,,,,,,,,,,,,,,,,,AIC009964038,,,,,,,
MAGENTO,2,6040762,,,,,,,,,,,Catherin,,Edinburgh,100,Deansgate,,RM,IT,IT,,,,,,,,,,,,,,,,,,,,,,,,,AIC010000038,,,,,,,
MAGENTO,2,6040787,,,,,,,,,,,Virgil,,Bangor,100,Quay Street,,RM,IT,IT,,,,,,,,,,,,,,,,,,,,,,,,,AIC010030017,,,,,,,
MAGENTO,2,6040900,,,,,,,,,,,Arber,,Salisbury,100,Princess Street,,RM,IT,IT,,,,,,,,,,,,,,,,,,,,,,,,,AIC010058042,,,,,,,
MAGENTO,2,6040958,,,,,,,,,,,Ferrau,,Norwich,100,Party Street,,RM,IT,IT,,,,,,,,,,,,,,,,,,,,,,,,,AIC010081089,,,,,,,
MAGENTO,2,6041028,,,,,,,,,,,Boris,,Glasgow,100,Oldham Street,,RM,IT,IT,,,,,,,,,,,,,,,,,,,,,,,,,AIC010081091,,,,,,,
MAGENTO,2,6041598,,,,,,,,,,,Keturah,,Oxford,100,Market Street,,RM,IT,IT,,,,,,,,,,,,,,,,,,,,,,,,,AIC010081103,,,,,,,
MAGENTO,2,6041682,,,,,,,,,,,Lissette,,Edinburgh,100,Corporation Street,,RM,IT,IT,,,,,,,,,,,,,,,,,,,,,,,,,AIC010081115,,,,,,,
MAGENTO,2,6041773,,,,,,,,,,,Dannette,,Glasgow,100,Vant Street,,RM,IT,IT,,,,,,,,,,,,,,,,,,,,,,,,,AIC010089011,,,,,,,
MAGENTO,2,6041817,,,,,,,,,,,Omer,,Wells,100,Grp Street,,RM,IT,IT,,,,,,,,,,,,,,,,,,,,,,,,,AIC010130033,,,,,,,
MAGENTO,2,6041832,,,,,,,,,,,Coy,,Dundee,100,Princess Street,,RM,IT,IT,,,,,,,,,,,,,,,,,,,,,,,,,AIC010130058,,,,,,,
MAGENTO,2,6041838,,,,,,,,,,,Ola,,Ely,100,Vant Street,,RM,IT,IT,,,,,,,,,,,,,,,,,,,,,,,,,AIC010130060,,,,,,,
MAGENTO,2,6041839,,,,,,,,,,,Iven,,Ripon,100,Canal Street,,RM,IT,IT,,,,,,,,,,,,,,,,,,,,,,,,,AIC010174035,,,,,,,
MAGENTO,2,6042234,,,,,,,,,,,Nikia,,Norwich,100,Market Street,,RM,IT,IT,,,,,,,,,,,,,,,,,,,,,,,,,AIC010203026,,,,,,,
MAGENTO,2,6042368,,,,,,,,,,,Ned,,St Davids,100,Deansgate,,RM,IT,IT,,,,,,,,,,,,,,,,,,,,,,,,,AIC010210019,,,,,,,
MAGENTO,2,6042475,,,,,,,,,,,Ima,,Salford,100,Moon Street,,RM,IT,IT,,,,,,,,,,,,,,,,,,,,,,,,,AIC010226025,,,,,,,
MAGENTO,2,6042488,,,,,,,,,,,Sunny,,Truro,100,Water Street,,RM,IT,IT,,,,,,,,,,,,,,,,,,,,,,,,,AIC010226049,,,,,,,
MAGENTO,2,6042540,,,,,,,,,,,Teofila,,Dundee,100,Portland Street,,RM,IT,IT,,,,,,,,,,,,,,,,,,,,,,,,,AIC010226052,,,,,,,
MAGENTO,2,6042592,,,,,,,,,,,Brant,,Oxford,100,Corporation Street,,RM,IT,IT,,,,,,,,,,,,,,,,,,,,,,,,,AIC010226064,,,,,,,
MAGENTO,2,6042607,,,,,,,,,,,Dedra,,Chichester,100,Oldham Street,,RM,IT,IT,,,,,,,,,,,,,,,,,,,,,,,,,AIC010226076,,,,,,,
MAGENTO,2,6042688,,,,,,,,,,,Zackary,,Bangor,100,Deansgate,,RM,IT,IT,,,,,,,,,,,,,,,,,,,,,,,,,AIC010226088,,,,,,,
MAGENTO,2,6042774,,,,,,,,,,,Cleveland,,Durham,100,New Cathedral,,RM,IT,IT,,,,,,,,,,,,,,,,,,,,,,,,,AIC010226090,,,,,,,
MAGENTO,2,6042850,,,,,,,,,,,Christy,,Glasgow,100,Oldham Street,,RM,IT,IT,,,,,,,,,,,,,,,,,,,,,,,,,AIC010226126,,,,,,,
MAGENTO,2,6042962,,,,,,,,,,,Bryon,,Oxford,100,Kingsway,,RM,IT,IT,,,,,,,,,,,,,,,,,,,,,,,,,AIC010226138,,,,,,,
MAGENTO,2,6042963,,,,,,,,,,,Basil,,Chichester,100,Whitworth Street,,RM,IT,IT,,,,,,,,,,,,,,,,,,,,,,,,,AIC010226140,,,,,,,
MAGENTO,2,6043105,,,,,,,,,,,Cole,,Wells,100,Portland Street,,RM,IT,IT,,,,,,,,,,,,,,,,,,,,,,,,,AIC010226203,,,,,,,
MAGENTO,2,6043945,,,,,,,,,,,Henri,,Londonderry,100,Kingsway,,RM,IT,IT,,,,,,,,,,,,,,,,,,,,,,,,,AIC010252017,,,,,,,
MAGENTO,2,6043956,,,,,,,,,,,Terrie,,Dundee,100,Grp Street,,RM,IT,IT,,,,,,,,,,,,,,,,,,,,,,,,,AIC010267019,,,,,,,
MAGENTO,2,6044020,,,,,,,,,,,Owen,,Glasgow,100,Oxford Road,,RM,IT,IT,,,,,,,,,,,,,,,,,,,,,,,,,AIC010267021,,,,,,,
MAGENTO,2,6044029,,,,,,,,,,,Felicita,,Oxford,100,Whitworth Street,,RM,IT,IT,,,,,,,,,,,,,,,,,,,,,,,,,AIC010269013,,,,,,,
MAGENTO,2,6044580,,,,,,,,,,,Annmarie,,Edinburgh,100,Water Street,,RM,IT,IT,,,,,,,,,,,,,,,,,,,,,,,,,AIC010284014,,,,,,,
MAGENTO,2,6044589,,,,,,,,,,,Marco,,Worcester,100,King Street,,RM,IT,IT,,,,,,,,,,,,,,,,,,,,,,,,,AIC010316026,,,,,,,
MAGENTO,2,6044770,,,,,,,,,,,Augustina,,Salford,100,Moon Street,,RM,IT,IT,,,,,,,,,,,,,,,,,,,,,,,,,AIC010316040,,,,,,,
MAGENTO,2,6044780,,,,,,,,,,,Cary,,Oxford,100,Deansgate,,RM,IT,IT,,,,,,,,,,,,,,,,,,,,,,,,,AIC010317016,,,,,,,
MAGENTO,2,6044927,,,,,,,,,,,Thuy,,St Davids,100,Agra Street,,RM,IT,IT,,,,,,,,,,,,,,,,,,,,,,,,,AIC010317028,,,,,,,
MAGENTO,2,6044971,,,,,,,,,,,Eboni,,Wolverhampton,100,Wilmslow Road,,RM,IT,IT,,,,,,,,,,,,,,,,,,,,,,,,,AIC010317030,,,,,,,
MAGENTO,2,6044978,,,,,,,,,,,Tamatha,,Truro,100,Whitworth Street,,RM,IT,IT,,,,,,,,,,,,,,,,,,,,,,,,,AIC010317042,,,,,,,
MAGENTO,2,6045158,,,,,,,,,,,Erlinda,,Durham,100,Portland Street,,RM,IT,IT,,,,,,,,,,,,,,,,,,,,,,,,,AIC010344012,,,,,,,
MAGENTO,2,6045259,,,,,,,,,,,Manville,,Ely,100,Portland Street,,RM,IT,IT,,,,,,,,,,,,,,,,,,,,,,,,,AIC010392013,,,,,,,
MAGENTO,2,6045366,,,,,,,,,,,Katy,,Salisbury,100,King Street,,RM,IT,IT,,,,,,,,,,,,,,,,,,,,,,,,,AIC010637039,,,,,,,
MAGENTO,2,6045650,,,,,,,,,,,Ilse,,Preston,100,Market Street,,RM,IT,IT,,,,,,,,,,,,,,,,,,,,,,,,,AIC010708016,,,,,,,
MAGENTO,2,6045657,,,,,,,,,,,Vern,,Oxford,100,Oxford Road,,RM,IT,IT,,,,,,,,,,,,,,,,,,,,,,,,,AIC010763023,,,,,,,
MAGENTO,2,6045663,,,,,,,,,,,Sabra,,Ripon,100,Whitworth Street,,RM,IT,IT,,,,,,,,,,,,,,,,,,,,,,,,,AIC010895011,,,,,,,
MAGENTO,2,6045882,,,,,,,,,,,Deanna,,Oxford,100,Corporation Street,,RM,IT,IT,,,,,,,,,,,,,,,,,,,,,,,,,AIC010964017,,,,,,,
MAGENTO,2,6045933,,,,,,,,,,,Jeannine,,Preston,100,Sackville Street,,RM,IT,IT,,,,,,,,,,,,,,,,,,,,,,,,,AIC010964118,,,,,,,
MAGENTO,2,6045952,,,,,,,,,,,Cliff,,Durham,100,Moon Street,,RM,IT,IT,,,,,,,,,,,,,,,,,,,,,,,,,AIC010964157,,,,,,,
MAGENTO,2,6046339,,,,,,,,,,,Micaela,,Wolverhampton,100,Oxford Road,,RM,IT,IT,,,,,,,,,,,,,,,,,,,,,,,,,AIC010964171,,,,,,,
MAGENTO,2,6046359,,,,,,,,,,,Bernadette,,Preston,100,Mosley Street,,RM,IT,IT,,,,,,,,,,,,,,,,,,,,,,,,,AIC011073018,,,,,,,
MAGENTO,2,6046366,,,,,,,,,,,Thomasina,,Oxford,100,King Street,,RM,IT,IT,,,,,,,,,,,,,,,,,,,,,,,,,AIC011125022,,,,,,,
MAGENTO,2,6046471,,,,,,,,,,,Rena,,Truro,100,Urbis Street,,RM,IT,IT,,,,,,,,,,,,,,,,,,,,,,,,,AIC011182019,,,,,,,
MAGENTO,2,6046588,,,,,,,,,,,Elayne,,Bangor,100,Oxford Road,,RM,IT,IT,,,,,,,,,,,,,,,,,,,,,,,,,AIC011182021,,,,,,,
MAGENTO,2,6046594,,,,,,,,,,,Meta,,Oxford,100,Agra Street,,RM,IT,IT,,,,,,,,,,,,,,,,,,,,,,,,,AIC011182033,,,,,,,
MAGENTO,2,6046597,,,,,,,,,,,Aletha,,Wells,100,Deansgate,,RM,IT,IT,,,,,,,,,,,,,,,,,,,,,,,,,AIC011226026,,,,,,,
MAGENTO,2,6046648,,,,,,,,,,,Christie,,Nottingham,100,Sackville Street,,RM,IT,IT,,,,,,,,,,,,,,,,,,,,,,,,,AIC011226040,,,,,,,
MAGENTO,2,6046786,,,,,,,,,,,Ena,,Wells,100,Deansgate,,RM,IT,IT,,,,,,,,,,,,,,,,,,,,,,,,,AIC011226139,,,,,,,
MAGENTO,2,6046906,,,,,,,,,,,Bertha,,Preston,100,Oxford Road,,RM,IT,IT,,,,,,,,,,,,,,,,,,,,,,,,,AIC011268012,,,,,,,
MAGENTO,2,6046955,,,,,,,,,,,Bert,,Londonderry,100,Sackville Street,,RM,IT,IT,,,,,,,,,,,,,,,,,,,,,,,,,AIC011297037,,,,,,,
MAGENTO,2,6046967,,,,,,,,,,,Irish,,Edinburgh,100,Water Street,,RM,IT,IT,,,,,,,,,,,,,,,,,,,,,,,,,AIC011340015,,,,,,,
MAGENTO,2,6046977,,,,,,,,,,,Joelle,,Edinburgh,100,Oldham Street,,RM,IT,IT,,,,,,,,,,,,,,,,,,,,,,,,,AIC011476052,,,,,,,
MAGENTO,2,6046987,,,,,,,,,,,Mariana,,Norwich,100,Vant Street,,RM,IT,IT,,,,,,,,,,,,,,,,,,,,,,,,,AIC011578010,,,,,,,
MAGENTO,2,6046988,,,,,,,,,,,Deirdre,,Ripon,100,Vant Street,,RM,IT,IT,,,,,,,,,,,,,,,,,,,,,,,,,AIC011578034,,,,,,,
MAGENTO,2,6047062,,,,,,,,,,,Doreen,,Worcester,100,Canal Street,,RM,IT,IT,,,,,,,,,,,,,,,,,,,,,,,,,AIC011591017,,,,,,,
MAGENTO,2,6047120,,,,,,,,,,,Jessi,,Nottingham,100,Kingsway,,RM,IT,IT,,,,,,,,,,,,,,,,,,,,,,,,,AIC011594025,,,,,,,
MAGENTO,2,6047130,,,,,,,,,,,Eloise,,Edinburgh,100,Vant Street,,RM,IT,IT,,,,,,,,,,,,,,,,,,,,,,,,,AIC011598024,,,,,,,
MAGENTO,2,6047186,,,,,,,,,,,Jung,,Wells,100,Agra Street,,RM,IT,IT,,,,,,,,,,,,,,,,,,,,,,,,,AIC011598036,,,,,,,
MAGENTO,2,6047392,,,,,,,,,,,Elaine,,Durham,100,Urbis Street,,RM,IT,IT,,,,,,,,,,,,,,,,,,,,,,,,,AIC011733019,,,,,,,
MAGENTO,2,6047629,,,,,,,,,,,Astrid,,Preston,100,Mosley Street,,RM,IT,IT,,,,,,,,,,,,,,,,,,,,,,,,,AIC011782012,,,,,,,
MAGENTO,2,6047947,,,,,,,,,,,Nigel,,Worcester,100,Wilmslow Road,,RM,IT,IT,,,,,,,,,,,,,,,,,,,,,,,,,AIC011926033,,,,,,,
MAGENTO,2,6048097,,,,,,,,,,,Cleo,,Chichester,100,Mosley Street,,RM,IT,IT,,,,,,,,,,,,,,,,,,,,,,,,,AIC011926058,,,,,,,
MAGENTO,2,6048123,,,,,,,,,,,Karel,,Wolverhampton,100,Vant Street,,RM,IT,IT,,,,,,,,,,,,,,,,,,,,,,,,,AIC011986015,,,,,,,
MAGENTO,2,6048165,,,,,,,,,,,Donnie,,St Davids,100,Moon Street,,RM,IT,IT,,,,,,,,,,,,,,,,,,,,,,,,,AIC011987031,,,,,,,
MAGENTO,2,6048196,,,,,,,,,,,Cammie,,Dundee,100,Party Street,,RM,IT,IT,,,,,,,,,,,,,,,,,,,,,,,,,AIC012004014,,,,,,,
MAGENTO,2,6048396,,,,,,,,,,,Rosario,,Oxford,100,Vant Street,,RM,IT,IT,,,,,,,,,,,,,,,,,,,,,,,,,AIC012042014,,,,,,,
MAGENTO,2,6048398,,,,,,,,,,,Normand,,Chichester,100,Quay Street,,RM,IT,IT,,,,,,,,,,,,,,,,,,,,,,,,,AIC012042026,,,,,,,
MAGENTO,2,6048411,,,,,,,,,,,Ali,,Oxford,100,Corporation Street,,RM,IT,IT,,,,,,,,,,,,,,,,,,,,,,,,,AIC012048029,,,,,,,
MAGENTO,2,6048424,,,,,,,,,,,Orson,,Chichester,100,Atdf Street,,RM,IT,IT,,,,,,,,,,,,,,,,,,,,,,,,,AIC012068019,,,,,,,
MAGENTO,2,6048525,,,,,,,,,,,Myles,,Durham,100,Oldham Street,,RM,IT,IT,,,,,,,,,,,,,,,,,,,,,,,,,AIC012116012,,,,,,,
MAGENTO,2,6048584,,,,,,,,,,,Allyn,,Londonderry,100,Kingsway,,RM,IT,IT,,,,,,,,,,,,,,,,,,,,,,,,,AIC012136014,,,,,,,
MAGENTO,2,6048689,,,,,,,,,,,Linwood,,Oxford,100,Corporation Street,,RM,IT,IT,,,,,,,,,,,,,,,,,,,,,,,,,AIC012136026,,,,,,,
MAGENTO,2,6048757,,,,,,,,,,,Melania,,Nottingham,100,Canal Street,,RM,IT,IT,,,,,,,,,,,,,,,,,,,,,,,,,AIC012136065,,,,,,,
MAGENTO,2,6048778,,,,,,,,,,,Mack,,Salford,100,Quay Street,,RM,IT,IT,,,,,,,,,,,,,,,,,,,,,,,,,AIC012136204,,,,,,,
MAGENTO,2,6048923,,,,,,,,,,,Tawny,,St Davids,100,Kingsway,,RM,IT,IT,,,,,,,,,,,,,,,,,,,,,,,,,AIC012201024,,,,,,,
MAGENTO,2,6049042,,,,,,,,,,,Jillian,,Salisbury,100,Urbis Street,,RM,IT,IT,,,,,,,,,,,,,,,,,,,,,,,,,AIC012223018,,,,,,,
MAGENTO,2,6049043,,,,,,,,,,,Stewart,,Dundee,100,Portland Street,,RM,IT,IT,,,,,,,,,,,,,,,,,,,,,,,,,AIC012238010,,,,,,,
MAGENTO,2,6049119,,,,,,,,,,,Carlena,,Oxford,100,Water Street,,RM,IT,IT,,,,,,,,,,,,,,,,,,,,,,,,,AIC012238022,,,,,,,
MAGENTO,2,6049161,,,,,,,,,,,Earnestine,,Norwich,100,Sackville Street,,RM,IT,IT,,,,,,,,,,,,,,,,,,,,,,,,,AIC012238034,,,,,,,
MAGENTO,2,6049181,,,,,,,,,,,Valentin,,Salisbury,100,King Street,,RM,IT,IT,,,,,,,,,,,,,,,,,,,,,,,,,AIC012238046,,,,,,,
MAGENTO,2,6049185,,,,,,,,,,,Lillian,,Norwich,100,Sackville Street,,RM,IT,IT,,,,,,,,,,,,,,,,,,,,,,,,,AIC012238073,,,,,,,
MAGENTO,2,6049201,,,,,,,,,,,Macy,,Glasgow,100,Party Street,,RM,IT,IT,,,,,,,,,,,,,,,,,,,,,,,,,AIC012284028,,,,,,,
MAGENTO,2,6049308,,,,,,,,,,,Ela,,Nottingham,100,Urbis Street,,RM,IT,IT,,,,,,,,,,,,,,,,,,,,,,,,,AIC012312017,,,,,,,
MAGENTO,2,6049401,,,,,,,,,,,Elmer,,Bangor,100,Portland Street,,RM,IT,IT,,,,,,,,,,,,,,,,,,,,,,,,,AIC012336018,,,,,,,
MAGENTO,2,6049405,,,,,,,,,,,Elda,,Durham,100,Market Street,,RM,IT,IT,,,,,,,,,,,,,,,,,,,,,,,,,AIC012336020,,,,,,,
MAGENTO,2,6049454,,,,,,,,,,,Bryon,,Oxford,100,Canal Street,,RM,IT,IT,,,,,,,,,,,,,,,,,,,,,,,,,AIC012336032,,,,,,,
MAGENTO,2,6049501,,,,,,,,,,,Latimer,,Bradford,100,Corporation Street,,RM,IT,IT,,,,,,,,,,,,,,,,,,,,,,,,,AIC012373027,,,,,,,
MAGENTO,2,6049567,,,,,,,,,,,Donetta,,Oxford,100,Agra Street,,RM,IT,IT,,,,,,,,,,,,,,,,,,,,,,,,,AIC012399010,,,,,,,
MAGENTO,2,6049694,,,,,,,,,,,Tamica,,Chichester,100,Party Street,,RM,IT,IT,,,,,,,,,,,,,,,,,,,,,,,,,AIC012399022,,,,,,,
MAGENTO,2,6049696,,,,,,,,,,,Tanguy,,Preston,100,Party Street,,RM,IT,IT,,,,,,,,,,,,,,,,,,,,,,,,,AIC012401016,,,,,,,
MAGENTO,2,6049928,,,,,,,,,,,Abigail,,Oxford,100,New Cathedral,,RM,IT,IT,,,,,,,,,,,,,,,,,,,,,,,,,AIC012401028,,,,,,,
MAGENTO,2,6050076,,,,,,,,,,,Izola,,Salisbury,100,New Cathedral,,RM,IT,IT,,,,,,,,,,,,,,,,,,,,,,,,,AIC012401030,,,,,,,
MAGENTO,2,6050101,,,,,,,,,,,Berta,,Salisbury,100,Portland Street,,RM,IT,IT,,,,,,,,,,,,,,,,,,,,,,,,,AIC012401042,,,,,,,
MAGENTO,2,6050102,,,,,,,,,,,Warner,,Nottingham,100,Vant Street,,RM,IT,IT,,,,,,,,,,,,,,,,,,,,,,,,,AIC012416020,,,,,,,
MAGENTO,2,6050108,,,,,,,,,,,Celinda,,Worcester,100,Grp Street,,RM,IT,IT,,,,,,,,,,,,,,,,,,,,,,,,,AIC012416032,,,,,,,
MAGENTO,2,6050665,,,,,,,,,,,Bernie,,Chichester,100,Mosley Street,,RM,IT,IT,,,,,,,,,,,,,,,,,,,,,,,,,AIC012416057,,,,,,,
MAGENTO,2,6050692,,,,,,,,,,,Buford,,Londonderry,100,Kingsway,,RM,IT,IT,,,,,,,,,,,,,,,,,,,,,,,,,AIC012437012,,,,,,,
MAGENTO,2,6050838,,,,,,,,,,,Milford,,Bangor,100,Deansgate,,RM,IT,IT,,,,,,,,,,,,,,,,,,,,,,,,,AIC012437024,,,,,,,
MAGENTO,2,6051246,,,,,,,,,,,Jeana,,Oxford,100,Atdf Street,,RM,IT,IT,,,,,,,,,,,,,,,,,,,,,,,,,AIC012475024,,,,,,,
MAGENTO,2,6051329,,,,,,,,,,,Jerald,,Edinburgh,100,Corporation Street,,RM,IT,IT,,,,,,,,,,,,,,,,,,,,,,,,,AIC012526012,,,,,,,
MAGENTO,2,6051340,,,,,,,,,,,Meg,,Durham,100,New Cathedral,,RM,IT,IT,,,,,,,,,,,,,,,,,,,,,,,,,AIC012577019,,,,,,,
MAGENTO,2,6051368,,,,,,,,,,,Leola,,Truro,100,Oldham Street,,RM,IT,IT,,,,,,,,,,,,,,,,,,,,,,,,,AIC012582033,,,,,,,
MAGENTO,2,6051485,,,,,,,,,,,Arturo,,Bradford,100,Oldham Street,,RM,IT,IT,,,,,,,,,,,,,,,,,,,,,,,,,AIC012587010,,,,,,,
MAGENTO,2,6051522,,,,,,,,,,,Robt,,Nottingham,100,Grp Street,,RM,IT,IT,,,,,,,,,,,,,,,,,,,,,,,,,AIC012587022,,,,,,,
MAGENTO,2,6051650,,,,,,,,,,,Beth,,Preston,100,Deansgate,,RM,IT,IT,,,,,,,,,,,,,,,,,,,,,,,,,AIC012592010,,,,,,,
MAGENTO,2,6051659,,,,,,,,,,,Polly,,Bangor,100,Party Street,,RM,IT,IT,,,,,,,,,,,,,,,,,,,,,,,,,AIC012627028,,,,,,,
MAGENTO,2,6051686,,,,,,,,,,,Felicita,,St Davids,100,Wilmslow Road,,RM,IT,IT,,,,,,,,,,,,,,,,,,,,,,,,,AIC012627042,,,,,,,
MAGENTO,2,6051697,,,,,,,,,,,Lyn,,Durham,100,Kingsway,,RM,IT,IT,,,,,,,,,,,,,,,,,,,,,,,,,AIC012655015,,,,,,,
MAGENTO,2,6051836,,,,,,,,,,,Willie,,Ely,100,New Cathedral,,RM,IT,IT,,,,,,,,,,,,,,,,,,,,,,,,,AIC012736017,,,,,,,
MAGENTO,2,6052181,,,,,,,,,,,Jessenia,,Bangor,100,Whitworth Street,,RM,IT,IT,,,,,,,,,,,,,,,,,,,,,,,,,AIC012745016,,,,,,,
MAGENTO,2,6052882,,,,,,,,,,,Felica,,Oxford,100,Canal Street,,RM,IT,IT,,,,,,,,,,,,,,,,,,,,,,,,,AIC012745042,,,,,,,
MAGENTO,2,6052932,,,,,,,,,,,Bibi,,Oxford,100,Canal Street,,RM,IT,IT,,,,,,,,,,,,,,,,,,,,,,,,,AIC012745067,,,,,,,
MAGENTO,2,6052936,,,,,,,,,,,Terrilyn,,Bangor,100,Sackville Street,,RM,IT,IT,,,,,,,,,,,,,,,,,,,,,,,,,AIC012745079,,,,,,,
MAGENTO,2,6052980,,,,,,,,,,,Alisa,,Londonderry,100,Whitworth Street,,RM,IT,IT,,,,,,,,,,,,,,,,,,,,,,,,,AIC012745093,,,,,,,
MAGENTO,2,6053054,,,,,,,,,,,Mohamed,,Dundee,100,Water Street,,RM,IT,IT,,,,,,,,,,,,,,,,,,,,,,,,,AIC012752010,,,,,,,
MAGENTO,2,6053074,,,,,,,,,,,Dino,,St Davids,100,Atdf Street,,RM,IT,IT,,,,,,,,,,,,,,,,,,,,,,,,,AIC012821017,,,,,,,
MAGENTO,2,6053116,,,,,,,,,,,Xiomara,,St Davids,100,Sackville Street,,RM,IT,IT,,,,,,,,,,,,,,,,,,,,,,,,,AIC012926010,,,,,,,
MAGENTO,2,6053137,,,,,,,,,,,Kenyatta,,Dundee,100,Moon Street,,RM,IT,IT,,,,,,,,,,,,,,,,,,,,,,,,,AIC012933026,,,,,,,
MAGENTO,2,6053194,,,,,,,,,,,Norbert,,Chichester,100,Oxford Road,,RM,IT,IT,,,,,,,,,,,,,,,,,,,,,,,,,AIC012947014,,,,,,,
MAGENTO,2,6053231,,,,,,,,,,,Ethyl,,Preston,100,Agra Street,,RM,IT,IT,,,,,,,,,,,,,,,,,,,,,,,,,AIC012947026,,,,,,,
MAGENTO,2,6053342,,,,,,,,,,,Miquel,,Bangor,100,Mosley Street,,RM,IT,IT,,,,,,,,,,,,,,,,,,,,,,,,,AIC012948016,,,,,,,
MAGENTO,2,6053582,,,,,,,,,,,Garland,,Wolverhampton,100,Agra Street,,RM,IT,IT,,,,,,,,,,,,,,,,,,,,,,,,,AIC012976015,,,,,,,
MAGENTO,2,6061555,,,,,,,,,,,Donnell,,Nottingham,100,Princess Street,,RM,IT,IT,,,,,,,,,,,,,,,,,,,,,,,,,AIC012976027,,,,,,,
MAGENTO,2,6061556,,,,,,,,,,,Agatha,,Oxford,100,Kingsway,,RM,IT,IT,,,,,,,,,,,,,,,,,,,,,,,,,AIC013013038,,,,,,,
MAGENTO,2,6061557,,,,,,,,,,,Brigette,,Norwich,100,Market Street,,RM,IT,IT,,,,,,,,,,,,,,,,,,,,,,,,,AIC013032014,,,,,,,
MAGENTO,2,6069790,,,,,,,,,,,Scottie,,Ely,100,Moon Street,,RM,IT,IT,,,,,,,,,,,,,,,,,,,,,,,,,AIC013046014,,,,,,,
MAGENTO,2,6070642,,,,,,,,,,,Calandra,,Salisbury,100,Urbis Street,,RM,IT,IT,,,,,,,,,,,,,,,,,,,,,,,,,AIC013183025,,,,,,,
MAGENTO,2,6077421,,,,,,,,,,,Lyndon,,Glasgow,100,Portland Street,,RM,IT,IT,,,,,,,,,,,,,,,,,,,,,,,,,AIC013183037,,,,,,,
MAGENTO,2,6077573,,,,,,,,,,,Concetta,,Salisbury,100,Wilmslow Road,,RM,IT,IT,,,,,,,,,,,,,,,,,,,,,,,,,AIC013185018,,,,,,,
MAGENTO,2,6077632,,,,,,,,,,,Diann,,Worcester,100,Sackville Street,,RM,IT,IT,,,,,,,,,,,,,,,,,,,,,,,,,AIC013185020,,,,,,,
MAGENTO,2,6077752,,,,,,,,,,,Alexandria,,Dundee,100,Wilmslow Road,,RM,IT,IT,,,,,,,,,,,,,,,,,,,,,,,,,AIC013214010,,,,,,,
MAGENTO,2,6078210,,,,,,,,,,,Sheree,,Truro,100,Whitworth Street,,RM,IT,IT,,,,,,,,,,,,,,,,,,,,,,,,,AIC013214022,,,,,,,
MAGENTO,2,6078231,,,,,,,,,,,Julee,,Dundee,100,Oldham Street,,RM,IT,IT,,,,,,,,,,,,,,,,,,,,,,,,,AIC013214034,,,,,,,
MAGENTO,2,6078256,,,,,,,,,,,Cleta,,Wolverhampton,100,Wilmslow Road,,RM,IT,IT,,,,,,,,,,,,,,,,,,,,,,,,,AIC013254038,,,,,,,
MAGENTO,2,6078399,,,,,,,,,,,Regenia,,Norwich,100,Kingsway,,RM,IT,IT,,,,,,,,,,,,,,,,,,,,,,,,,AIC013255017,,,,,,,
MAGENTO,2,6078632,,,,,,,,,,,Jonnie,,Salford,100,Urbis Street,,RM,IT,IT,,,,,,,,,,,,,,,,,,,,,,,,,AIC013255029,,,,,,,
MAGENTO,2,6078684,,,,,,,,,,,Cheyenne,,Wolverhampton,100,Deansgate,,RM,IT,IT,,,,,,,,,,,,,,,,,,,,,,,,,AIC013255031,,,,,,,
MAGENTO,2,6078724,,,,,,,,,,,Magdalen,,St Davids,100,Deansgate,,RM,IT,IT,,,,,,,,,,,,,,,,,,,,,,,,,AIC013307018,,,,,,,
MAGENTO,2,6078991,,,,,,,,,,,Alla,,Londonderry,100,Urbis Street,,RM,IT,IT,,,,,,,,,,,,,,,,,,,,,,,,,AIC013335017,,,,,,,
MAGENTO,2,6079014,,,,,,,,,,,Rossie,,Wolverhampton,100,Canal Street,,RM,IT,IT,,,,,,,,,,,,,,,,,,,,,,,,,AIC013346010,,,,,,,
MAGENTO,2,6079016,,,,,,,,,,,Arnoldo,,Ely,100,Urbis Street,,RM,IT,IT,,,,,,,,,,,,,,,,,,,,,,,,,AIC013401031,,,,,,,
MAGENTO,2,6079043,,,,,,,,,,,                                            Gwen,,Truro,100,Party Street,,RM,IT,IT,,,,,,,,,,,,,,,,,,,,,,,,,AIC013401068,,,,,,,
,,,,,,,,,,,,,,,,,,,,,,,,,,,,,,,,,,,,,,,,,,,,,,AIC013411020,,,,,,,
