REQUEST1
<SOAP-ENV:Envelope>
<SOAP-ENV:Body>
<ns1:OrderSimulationRequest>
<ns1:Application>MAGENTO</ns1:Application>
<ns1:CustomerType>2</ns1:CustomerType>
<ns1:CustomerCode/>
<ns1:CustomerCodeEx>90013</ns1:CustomerCodeEx>
<ns1:FiscalCode>03002470544</ns1:FiscalCode>
<ns1:VATNumber>03002470544</ns1:VATNumber>
<ns1:CountryISO>IT</ns1:CountryISO>
<ns1:Region>TO</ns1:Region>
<ns1:City>ANGROGNA</ns1:City>
<ns1:InvoiceCountryISO>IT</ns1:InvoiceCountryISO>
<ns1:IPACode/>
<ns1:OrderCode/>
<ns1:ProductList>
<ns1:Product>
<ns1:ItemCode>10</ns1:ItemCode>
<ns1:ProductCode>48-2MS10-25F0200</ns1:ProductCode>
<ns1:ProductCodeEx>48-2MS10-25F0200</ns1:ProductCodeEx>
<ns1:Quantity>1</ns1:Quantity>
<ns1:ProductType>1</ns1:ProductType>
<ns1:Discount>0</ns1:Discount>
<ns1:DiscountPercentage>0</ns1:DiscountPercentage>
<ns1:ShippingFees>0.0000</ns1:ShippingFees>
<ns1:PriceEx>98.0000</ns1:PriceEx>
<ns1:Customizations/>
</ns1:Product>
<ns1:Product>
<ns1:ItemCode>20</ns1:ItemCode>
<ns1:ProductCode>48-2MS10-25F0201</ns1:ProductCode>
<ns1:ProductCodeEx>48-2MS10-25F0201</ns1:ProductCodeEx>
<ns1:Quantity>1</ns1:Quantity>
<ns1:ProductType>1</ns1:ProductType>
<ns1:Discount>0</ns1:Discount>
<ns1:DiscountPercentage>0</ns1:DiscountPercentage>
<ns1:ShippingFees>0.0000</ns1:ShippingFees>
<ns1:PriceEx>52.0000</ns1:PriceEx>
<ns1:Customizations/>
</ns1:Product>
<ns1:Product>
<ns1:ItemCode>30</ns1:ItemCode>
<ns1:ProductCode>48-2MS10-25F0202</ns1:ProductCode>
<ns1:ProductCodeEx>48-2MS10-25F0202</ns1:ProductCodeEx>
<ns1:Quantity>1</ns1:Quantity>
<ns1:ProductType>1</ns1:ProductType>
<ns1:Discount>0</ns1:Discount>
<ns1:DiscountPercentage>0</ns1:DiscountPercentage>
<ns1:ShippingFees>0.0000</ns1:ShippingFees>
<ns1:PriceEx>39.0000</ns1:PriceEx>
<ns1:Customizations/>
</ns1:Product>
<ns1:Product>
<ns1:ItemCode>40</ns1:ItemCode>
<ns1:ProductCode>48-2MS10-25F0997</ns1:ProductCode>
<ns1:ProductCodeEx>48-2MS10-25F0997</ns1:ProductCodeEx>
<ns1:Quantity>1</ns1:Quantity>
<ns1:ProductType>1</ns1:ProductType>
<ns1:Discount>0</ns1:Discount>
<ns1:DiscountPercentage>0</ns1:DiscountPercentage>
<ns1:ShippingFees>0.0000</ns1:ShippingFees>
<ns1:PriceEx>61.0000</ns1:PriceEx>
<ns1:Customizations/>
</ns1:Product>
<ns1:Product>
<ns1:ItemCode>50</ns1:ItemCode>
<ns1:ProductCode>48-2MS10-25F0999</ns1:ProductCode>
<ns1:ProductCodeEx>48-2MS10-25F0999</ns1:ProductCodeEx>
<ns1:Quantity>1</ns1:Quantity>
<ns1:ProductType>1</ns1:ProductType>
<ns1:Discount>0</ns1:Discount>
<ns1:DiscountPercentage>0</ns1:DiscountPercentage>
<ns1:ShippingFees>0.0000</ns1:ShippingFees>
<ns1:PriceEx>70.0000</ns1:PriceEx>
<ns1:Customizations/>
</ns1:Product>
</ns1:ProductList>
</ns1:OrderSimulationRequest>
</SOAP-ENV:Body>
</SOAP-ENV:Envelope>
 

RESPONSE1
<soap-env:Envelope>
<soap-env:Header/>
<soap-env:Body>
<n0:OrderSimulationResponse>
<n0:Response>
<n0:Code>0 </n0:Code>
<n0:Message>OK</n0:Message>
</n0:Response>
<n0:SimulationList>
<n0:Simulation>
<n0:ItemCode>10</n0:ItemCode>
<n0:ProductCode>48-2MS10-25F0200</n0:ProductCode>
<n0:Quantity>1.000 </n0:Quantity>
<n0:GrossPrice>98.00 </n0:GrossPrice>
<n0:NetPrice>80.00 </n0:NetPrice>
<n0:VAT>17.60 </n0:VAT>
<n0:Stamp>0.00 </n0:Stamp>
<n0:Discount>0</n0:Discount>
<n0:Response>
<n0:Code>0 </n0:Code>
<n0:Message>OK</n0:Message>
</n0:Response>
</n0:Simulation>
<n0:Simulation>
<n0:ItemCode>20</n0:ItemCode>
<n0:ProductCode>48-2MS10-25F0201</n0:ProductCode>
<n0:Quantity>1.000 </n0:Quantity>
<n0:GrossPrice>52.00 </n0:GrossPrice>
<n0:NetPrice>43.00 </n0:NetPrice>
<n0:VAT>9.46 </n0:VAT>
<n0:Stamp>0.00 </n0:Stamp>
<n0:Discount>0</n0:Discount>
<n0:Response>
<n0:Code>0 </n0:Code>
<n0:Message>OK</n0:Message>
</n0:Response>
</n0:Simulation>
<n0:Simulation>
<n0:ItemCode>30</n0:ItemCode>
<n0:ProductCode>48-2MS10-25F0202</n0:ProductCode>
<n0:Quantity>1.000 </n0:Quantity>
<n0:GrossPrice>39.00 </n0:GrossPrice>
<n0:NetPrice>32.00 </n0:NetPrice>
<n0:VAT>7.04 </n0:VAT>
<n0:Stamp>0.00 </n0:Stamp>
<n0:Discount>0</n0:Discount>
<n0:Response>
<n0:Code>0 </n0:Code>
<n0:Message>OK</n0:Message>
</n0:Response>
</n0:Simulation>
<n0:Simulation>
<n0:ItemCode>40</n0:ItemCode>
<n0:ProductCode>48-2MS10-25F0997</n0:ProductCode>
<n0:Quantity>1.000 </n0:Quantity>
<n0:GrossPrice>61.00 </n0:GrossPrice>
<n0:NetPrice>50.00 </n0:NetPrice>
<n0:VAT>10.78 </n0:VAT>
<n0:Stamp>0.00 </n0:Stamp>
<n0:Discount>0</n0:Discount>
<n0:Response>
<n0:Code>0 </n0:Code>
<n0:Message>OK</n0:Message>
</n0:Response>
</n0:Simulation>
<n0:Simulation>
<n0:ItemCode>50</n0:ItemCode>
<n0:ProductCode>48-2MS10-25F0999</n0:ProductCode>
<n0:Quantity>1.000 </n0:Quantity>
<n0:GrossPrice>70.00 </n0:GrossPrice>
<n0:NetPrice>59.00 </n0:NetPrice>
<n0:VAT>10.78 </n0:VAT>
<n0:Stamp>0.00 </n0:Stamp>
<n0:Discount>0</n0:Discount>
<n0:Response>
<n0:Code>0 </n0:Code>
<n0:Message>OK</n0:Message>
</n0:Response>
</n0:Simulation>
</n0:SimulationList>
</n0:OrderSimulationResponse>
</soap-env:Body>
</soap-env:Envelope>


REQUEST2

<?xml version="1.0" encoding="UTF-8" ?> 
- <SOAP-ENV:Envelope xmlns:SOAP-ENV="http://schemas.xmlsoap.org/soap/envelope/" xmlns:ns1="http://www.ipzs.it/ecommerce/b2b/types/1.0">
- <SOAP-ENV:Body>
- <ns1:OrderRequest>
  <ns1:Application>MAGENTO</ns1:Application> 
  <ns1:CustomerType>2</ns1:CustomerType> 
  <ns1:CustomerCode /> 
  <ns1:CustomerCodeEx>90013</ns1:CustomerCodeEx> 
  <ns1:FiscalCode>03002470544</ns1:FiscalCode> 
  <ns1:VATNumber>03002470544</ns1:VATNumber> 
  <ns1:PEC>f.bove@pec.it</ns1:PEC> 
  <ns1:SDICode>0000000</ns1:SDICode> 
- <ns1:Order>
  <ns1:OrderCodeEx>000253203</ns1:OrderCodeEx> 
  <ns1:OrderCodeID>251333</ns1:OrderCodeID> 
  <ns1:OperationType>1</ns1:OperationType> 
  <ns1:Total>131.0000</ns1:Total> 
  <ns1:ShippingFees>0.0000</ns1:ShippingFees> 
- <ns1:InvoiceAddress>
- <ns1:Address>
  <ns1:Name1>La Rosa Blu srl</ns1:Name1> 
  <ns1:Name2 /> 
  <ns1:City>ANGROGNA</ns1:City> 
  <ns1:PostalCode>10060</ns1:PostalCode> 
  <ns1:Street>Piazzale delle province</ns1:Street> 
  <ns1:HouseNumber>19</ns1:HouseNumber> 
  <ns1:Region>TO</ns1:Region> 
  <ns1:CountryISO>IT</ns1:CountryISO> 
  <ns1:LanguageISO>IT</ns1:LanguageISO> 
- <ns1:TelephoneList>
- <ns1:Telephone>
  <ns1:NumTelephone>2020303393</ns1:NumTelephone> 
  </ns1:Telephone>
  </ns1:TelephoneList>
- <ns1:FAXList>
- <ns1:FAX>
  <ns1:NumFAX /> 
  </ns1:FAX>
  </ns1:FAXList>
- <ns1:EmailList>
- <ns1:Email>
  <ns1:AddresseMail>yeltovokku@gufum.com</ns1:AddresseMail> 
  </ns1:Email>
  </ns1:EmailList>
  </ns1:Address>
  </ns1:InvoiceAddress>
- <ns1:ShippingAddress>
- <ns1:Address>
  <ns1:Name1>Biagio</ns1:Name1> 
  <ns1:Name2>Pirata</ns1:Name2> 
  <ns1:City>ANGROGNA</ns1:City> 
  <ns1:PostalCode>10060</ns1:PostalCode> 
  <ns1:Street>Piazzale delle province</ns1:Street> 
  <ns1:HouseNumber>19</ns1:HouseNumber> 
  <ns1:Region>TO</ns1:Region> 
  <ns1:CountryISO>IT</ns1:CountryISO> 
  <ns1:LanguageISO>IT</ns1:LanguageISO> 
- <ns1:TelephoneList>
- <ns1:Telephone>
  <ns1:NumTelephone>2020303393</ns1:NumTelephone> 
  </ns1:Telephone>
  </ns1:TelephoneList>
- <ns1:FAXList>
- <ns1:FAX>
  <ns1:NumFAX /> 
  </ns1:FAX>
  </ns1:FAXList>
- <ns1:EmailList>
- <ns1:Email>
  <ns1:AddresseMail>yeltovokku@gufum.com</ns1:AddresseMail> 
  </ns1:Email>
  </ns1:EmailList>
  </ns1:Address>
  </ns1:ShippingAddress>
  <ns1:Retreat>ZECM</ns1:Retreat> 
  <ns1:PaymentType>PPEC</ns1:PaymentType> 
  <ns1:PaymentDate>2025-10-27</ns1:PaymentDate> 
  <ns1:Ksig /> 
  <ns1:TerminalID /> 
  <ns1:ShopID>PHEY-000253203</ns1:ShopID> 
  <ns1:RefTranID>50644353A6920820N</ns1:RefTranID> 
  <ns1:PaymentID>cb87623e66e84442b586d7e8356afe81ebcfde34278eefc5ff90c60d05172185</ns1:PaymentID> 
- <ns1:ProductList>
- <ns1:Product>
  <ns1:ItemCode>10</ns1:ItemCode> 
  <ns1:ProductCode>48-2MS10-25F0200</ns1:ProductCode> 
  <ns1:ProductCodeEx>3019</ns1:ProductCodeEx> 
  <ns1:Quantity>1</ns1:Quantity> 
  <ns1:ProductType>1</ns1:ProductType> 
  <ns1:Discount>0</ns1:Discount> 
  <ns1:DiscountPercentage>0</ns1:DiscountPercentage> 
  <ns1:PriceEx>98</ns1:PriceEx> 
  <ns1:AvailabilityDate>2025-10-01</ns1:AvailabilityDate> 
  </ns1:Product>
- <ns1:Product>
  <ns1:ItemCode>20</ns1:ItemCode> 
  <ns1:ProductCode>48-2MS10-25F0201</ns1:ProductCode> 
  <ns1:ProductCodeEx>3020</ns1:ProductCodeEx> 
  <ns1:Quantity>1</ns1:Quantity> 
  <ns1:ProductType>1</ns1:ProductType> 
  <ns1:Discount>0</ns1:Discount> 
  <ns1:DiscountPercentage>0</ns1:DiscountPercentage> 
  <ns1:PriceEx>52</ns1:PriceEx> 
  <ns1:AvailabilityDate>2025-10-01</ns1:AvailabilityDate> 
  </ns1:Product>
- <ns1:Product>
  <ns1:ItemCode>30</ns1:ItemCode> 
  <ns1:ProductCode>48-2MS10-25F0202</ns1:ProductCode> 
  <ns1:ProductCodeEx>3021</ns1:ProductCodeEx> 
  <ns1:Quantity>1</ns1:Quantity> 
  <ns1:ProductType>1</ns1:ProductType> 
  <ns1:Discount>0</ns1:Discount> 
  <ns1:DiscountPercentage>0</ns1:DiscountPercentage> 
  <ns1:PriceEx>39</ns1:PriceEx> 
  <ns1:AvailabilityDate>2025-10-01</ns1:AvailabilityDate> 
  </ns1:Product>
- <ns1:Product>
  <ns1:ItemCode>40</ns1:ItemCode> 
  <ns1:ProductCode>48-2MS10-25F0997</ns1:ProductCode> 
  <ns1:ProductCodeEx>3014</ns1:ProductCodeEx> 
  <ns1:Quantity>1</ns1:Quantity> 
  <ns1:ProductType>1</ns1:ProductType> 
  <ns1:Discount>0</ns1:Discount> 
  <ns1:DiscountPercentage>0</ns1:DiscountPercentage> 
  <ns1:PriceEx>61</ns1:PriceEx> 
  <ns1:AvailabilityDate>2025-10-05</ns1:AvailabilityDate> 
  </ns1:Product>
  </ns1:ProductList>
  </ns1:Order>
  </ns1:OrderRequest>
  </SOAP-ENV:Body>
  </SOAP-ENV:Envelope>
 
RESPONSE2

- <soap-env:Envelope xmlns:soap-env="http://schemas.xmlsoap.org/soap/envelope/">
  <soap-env:Header /> 
- <soap-env:Body>
- <n0:OrderResponse xmlns:n0="http://www.ipzs.it/ecommerce/b2b/types/1.0" xmlns:prx="urn:sap.com:proxy:IPQ:/1SAI/TAS6E4D900919E4876851B6:758">
  <n0:OrderCode>9000253203</n0:OrderCode> 
- <n0:ResponseList>
- <n0:ResponseDataList>
  <n0:ItemCode>10</n0:ItemCode> 
  <n0:ProductCode>48-2MS10-25F0997</n0:ProductCode> 
  <n0:ProductCodeEx>3014</n0:ProductCodeEx> 
  <n0:Code>0</n0:Code> 
  <n0:Message>OK</n0:Message> 
  </n0:ResponseDataList>
- <n0:ResponseDataList>
  <n0:ItemCode>20</n0:ItemCode> 
  <n0:ProductCode>48-2MS10-25F0999</n0:ProductCode> 
  <n0:ProductCodeEx>3012</n0:ProductCodeEx> 
  <n0:Code>0</n0:Code> 
  <n0:Message>OK</n0:Message> 
  </n0:ResponseDataList>
- <n0:ResponseDataList>
  <n0:ItemCode>0</n0:ItemCode> 
  <n0:Code>0</n0:Code> 
  <n0:Message>Ordine creato</n0:Message> 
  </n0:ResponseDataList>
  </n0:ResponseList>
  </n0:OrderResponse>
  </soap-env:Body>
  </soap-env:Envelope>

