
	Cliente	Cod.fisc.	Cod.fisc.	Citt�	CAP	Via	N. civico	Rg	Rg	Telefono 1	Telefax	E-mail

	1231489		36357030026
	6009838			Chichester	00100	Party Street			RM
	6010361			Nottingham	00100	Portland Street			RM
	6010410			Edinburgh	00100	Sackville Street			RM
	6010414			Durham	00100	Moon Street			RM
	6010425			Ripon	00100	Mosley Street			RM
	6010511			Salisbury	00100	Oldham Street			RM
	6010535			Salford	00100	Wilmslow Road			RM
	6010537			Ripon	00100	Urbis Street			RM
	6010624			Edinburgh	00100	King Street			RM
	6011138			Worcester	00100	Market Street			RM
	6012741			Worcester	00100	Oxford Road			RM
	6012835			Ripon	00100	Vant Street			RM
	6012850			Salford	00100	Princess Street			RM
	6012852			Oxford	00100	Deansgate			RM
	6012853			St Davids	00100	Whitworth Street			RM
	6012990			Worcester	00100	Princess Street			RM
	6013355			Oxford	00100	Vant Street			RM
	6013356			Chichester	00100	Wilmslow Road			RM
	6013392			Nottingham	00100	Atdf Street			RM
	6013481			Preston	00100	Oldham Street			RM
	6013534			Wells	00100	King Street			RM
	6013616			Ripon	00100	Princess Street			RM
	6014020			Ely	00100	Portland Street			RM
	6014043			Salisbury	00100	Portland Street			RM
	6014047			Bangor	00100	Urbis Street			RM
	6014153			Nottingham	00100	Agra Street			RM
	6014273			Oxford	00100	Vant Street			RM
	6014325			Dundee	00100	Water Street			RM
	6014394			Edinburgh	00100	Corporation Street			RM
	6014556			Salford	00100	Agra Street			RM
	6014562			Truro	00100	Oldham Street			RM
	6014605			Wells	00100	Whitworth Street			RM
	6014744			Truro	00100	Water Street			RM
	6014912			Salford	00100	Whitworth Street			RM
	6014968			Edinburgh	00100	Agra Street			RM
	6015020			Wells	00100	Quay Street			RM
	6015085			Ripon	00100	Oxford Road			RM
	6015408			Oxford	00100	Grp Street			RM
	6015827			Nottingham	00100	Corporation Street			RM
	6016947			Dundee	00100	Water Street			RM
	6017023			Salford	00100	Corporation Street			RM
	6017185			Truro	00100	Kingsway			RM
	6017187			Wolverhampton	00100	Agra Street			RM
	6017238			Dundee	00100	Mosley Street			RM
	6017261			Durham	00100	Sackville Street			RM
	6017303			Dundee	00100	Grp Street			RM
	6017340			Durham	00100	Deansgate			RM
	6017341			Preston	00100	Oxford Road			RM
	6017352			Salford	00100	Atdf Street			RM
	6017360			Oxford	00100	Quay Street			RM
	6017475			Oxford	00100	Grp Street			RM
	6017643			Wells	00100	Wilmslow Road			RM
	6017647			Oxford	00100	Water Street			RM
	6017681			Oxford	00100	Deansgate			RM
	6017690			Norwich	00100	Mosley Street			RM
	6017735			Wells	00100	Sackville Street			RM
	6017769			Bangor	00100	Portland Street			RM
	6017771			Nottingham	00100	Kingsway			RM
	6017932			Bangor	00100	New Cathedral			RM
	6018039			Oxford	00100	Mosley Street			RM
	6018097			Wolverhampton	00100	Mosley Street			RM
	6018412			Norwich	00100	Princess Street			RM
	6018416			Oxford	00100	Oxford Road			RM
	6018430			Preston	00100	Vant Street			RM
	6018461			Norwich	00100	Wilmslow Road			RM
	6018477			Salford	00100	Moon Street			RM
	6018489			Norwich	00100	Canal Street			RM
	6019043			Preston	00100	Oldham Street			RM
	6019084			Oxford	00100	Kingsway			RM
	6019121			Wells	00100	Agra Street			RM
	6019136			Durham	00100	Corporation Street			RM
	6019168			Oxford	00100	Water Street			RM
	6019263			Bangor	00100	Kingsway			RM
	6019348			Salford	00100	Grp Street			RM
	6019376			Wolverhampton	00100	Princess Street			RM
	6019449			Glasgow	00100	Urbis Street			RM
	6019461			Glasgow	00100	Sackville Street			RM
	6019463			Londonderry	00100	Canal Street			RM
	6019643			Ripon	00100	Deansgate			RM
	6019653			Wolverhampton	00100	Moon Street			RM
	6019666			St Davids	00100	Whitworth Street			RM
	6019673			Londonderry	00100	Princess Street			RM
	6019696			Ely	00100	Oxford Road			RM
	6019755			Oxford	00100	Deansgate			RM
	6019837			Bangor	00100	Agra Street			RM
	6019858			Oxford	00100	Canal Street			RM
	6019881			Dundee	00100	Moon Street			RM
	6020043			St Davids	00100	Portland Street			RM
	6020073			Salisbury	00100	Grp Street			RM
	6020090			Oxford	00100	Oldham Street			RM
	6020207			Wolverhampton	00100	Kingsway			RM
	6020309			Nottingham	00100	Mosley Street			RM
	6020330			Salford	00100	Kingsway			RM
	6020343			Bangor	00100	Agra Street			RM
	6020365			Nottingham	00100	Kingsway			RM
	6020410			Ripon	00100	Quay Street			RM
	6020507			Ripon	00100	Market Street			RM
	6020562			Salford	00100	Grp Street			RM
	6020730			Wolverhampton	00100	Kingsway			RM
	6020752			Dundee	00100	Princess Street			RM
	6020781			Salford	00100	Moon Street			RM
	6020857			Ely	00100	Kingsway			RM
	6021021			Oxford	00100	Agra Street			RM
	6021030			Salisbury	00100	Moon Street			RM
	6021058			Preston	00100	New Cathedral			RM
	6021150			Nottingham	00100	Mosley Street			RM
	6021292			St Davids	00100	Princess Street			RM
	6021337			Oxford	00100	Grp Street			RM
	6021449			Truro	00100	Quay Street			RM
	6021483			Preston	00100	Moon Street			RM
	6021496			Ripon	00100	Market Street			RM
	6021513			Glasgow	00100	Mosley Street			RM
	6021514			Wells	00100	Whitworth Street			RM
	6021533			Norwich	00100	Moon Street			RM
	6021574			Ripon	00100	Oldham Street			RM
	6021608			Londonderry	00100	New Cathedral			RM
	6021611			Oxford	00100	Vant Street			RM
	6021838			Oxford	00100	Portland Street			RM
	6021863			Oxford	00100	Urbis Street			RM
	6022122			Ely	00100	Vant Street			RM
	6022140			Oxford	00100	New Cathedral			RM
	6022141			Dundee	00100	Urbis Street			RM
	6022289			Chichester	00100	Oldham Street			RM
	6022345			Worcester	00100	Whitworth Street			RM
	6022491			Dundee	00100	Canal Street			RM
	6022596			St Davids	00100	Deansgate			RM
	6022683			Wells	00100	King Street			RM
	6022718			Ely	00100	Sackville Street			RM
	6022730			Glasgow	00100	Water Street			RM
	6022980			St Davids	00100	Quay Street			RM
	6023052			Salisbury	00100	Corporation Street			RM
	6023075			Edinburgh	00100	Oldham Street			RM
	6023129			Worcester	00100	Quay Street			RM
	6023138			Wolverhampton	00100	Portland Street			RM
	6023168			Bangor	00100	Market Street			RM
	6023319			Ripon	00100	King Street			RM
	6023720			Londonderry	00100	Market Street			RM
	6023726			Wells	00100	Princess Street			RM
	6023773			Oxford	00100	Wilmslow Road			RM
	6023825			Ripon	00100	Quay Street			RM
	6023826			Oxford	00100	Water Street			RM
	6023831			Oxford	00100	Kingsway			RM
	6023832			Oxford	00100	Canal Street			RM
	6023833			Ripon	00100	Party Street			RM
	6023841			Nottingham	00100	Agra Street			RM
	6023895			Preston	00100	Mosley Street			RM
	6023896			Durham	00100	Wilmslow Road			RM
	6023902			Edinburgh	00100	Portland Street			RM
	6023907			Glasgow	00100	Atdf Street			RM
	6023916			Oxford	00100	Whitworth Street			RM
	6023927			Salisbury	00100	Atdf Street			RM
	6023971			Nottingham	00100	Oxford Road			RM
	6023985			Ely	00100	Corporation Street			RM
	6023993			Oxford	00100	Portland Street			RM
	6024047			Durham	00100	Oldham Street			RM
	6024050			Bangor	00100	Water Street			RM
	6024053			Bangor	00100	Corporation Street			RM
	6024054			Norwich	00100	Princess Street			RM
	6024058			Wells	00100	Whitworth Street			RM
	6024079			Oxford	00100	Grp Street			RM
	6024092			Bradford	00100	Princess Street			RM
	6024106			Edinburgh	00100	Grp Street			RM
	6024108			Bradford	00100	Grp Street			RM
	6024134			Ripon	00100	Whitworth Street			RM
	6024166			Truro	00100	Agra Street			RM
	6024196			Ely	00100	Market Street			RM
	6024222			Durham	00100	Moon Street			RM
	6024223			Salisbury	00100	Wilmslow Road			RM
	6024235			St Davids	00100	Agra Street			RM
	6024241			Wolverhampton	00100	Canal Street			RM
	6024285			Ely	00100	Deansgate			RM
	6024289			Salisbury	00100	Oldham Street			RM
	6024319			Salford	00100	Portland Street			RM
	6024333			Preston	00100	Deansgate			RM
	6024334			Dundee	00100	Deansgate			RM
	6024357			Ely	00100	Mosley Street			RM
	6024384			Ripon	00100	Grp Street			RM
	6024393			Norwich	00100	Atdf Street			RM
	6024424			Wolverhampton	00100	Mosley Street			RM
	6024425			Bangor	00100	Oldham Street			RM
	6024427			Ely	00100	Grp Street			RM
	6024429			Oxford	00100	King Street			RM
	6024474			Oxford	00100	Whitworth Street			RM
	6024480			Truro	00100	Corporation Street			RM
	6024498			Wolverhampton	00100	Urbis Street			RM
	6024560			Ripon	00100	Urbis Street			RM
	6024561			Londonderry	00100	Corporation Street			RM
	6024578			Londonderry	00100	Atdf Street			RM
	6024594			Nottingham	00100	Deansgate			RM
	6024608			Ely	00100	Portland Street			RM
	6024609			Truro	00100	Market Street			RM
	6024623			St Davids	00100	New Cathedral			RM
	6024632			Ely	00100	Deansgate			RM
	6024641			Glasgow	00100	Portland Street			RM
	6024643			Worcester	00100	Portland Street			RM
	6024653			Dundee	00100	Moon Street			RM
	6024662			Bangor	00100	Grp Street			RM
	6024672			Ripon	00100	Whitworth Street			RM
	6024673			Glasgow	00100	Sackville Street			RM
	6024738			Truro	00100	Party Street			RM
	6024757			Durham	00100	King Street			RM
	6024758			Durham	00100	Vant Street			RM
	6024844			Truro	00100	Whitworth Street			RM
	6024866			Wolverhampton	00100	Market Street			RM
	6025024			Ely	00100	Corporation Street			RM
	6025069			Truro	00100	Party Street			RM
	6025108			Worcester	00100	Moon Street			RM
	6025143			Ripon	00100	Quay Street			RM
	6025175			Ripon	00100	Oxford Road			RM
	6025190			Worcester	00100	Whitworth Street			RM
	6025366			Norwich	00100	Deansgate			RM
	6025402			Salford	00100	Deansgate			RM
	6025416			Ely	00100	Oldham Street			RM
	6025621			Chichester	00100	Whitworth Street			RM
	6025729			Dundee	00100	King Street			RM
	6025872			Glasgow	00100	Quay Street			RM
	6025920			Wolverhampton	00100	Water Street			RM
	6025955			Norwich	00100	Whitworth Street			RM
	6025973			Wells	00100	Portland Street			RM
	6026045			Worcester	00100	King Street			RM
	6026427			Bangor	00100	King Street			RM
	6026486			Oxford	00100	Agra Street			RM
	6026499			Dundee	00100	Corporation Street			RM
	6026834			Worcester	00100	Grp Street			RM
	6027143			Oxford	00100	New Cathedral			RM
	6027217			St Davids	00100	Oxford Road			RM
	6027263			Durham	00100	Urbis Street			RM
	6027310			Oxford	00100	Oxford Road			RM
	6027333			Ripon	00100	Wilmslow Road			RM
	6027619			Bradford	00100	King Street			RM
	6027644			Edinburgh	00100	Mosley Street			RM
	6027653			Nottingham	00100	Portland Street			RM
	6027805			Salford	00100	Portland Street			RM
	6027806			Worcester	00100	Mosley Street			RM
	6027890			Nottingham	00100	Corporation Street			RM
	6027963			Salisbury	00100	Urbis Street			RM
	6027965			Nottingham	00100	New Cathedral			RM
	6028010			St Davids	00100	Urbis Street			RM
	6028039			Ely	00100	New Cathedral			RM
	6028050			Bangor	00100	Kingsway			RM
	6028051			St Davids	00100	Grp Street			RM
	6028099			Norwich	00100	Agra Street			RM
	6028117			Salisbury	00100	Princess Street			RM
	6028124			Wolverhampton	00100	Princess Street			RM
	6028181			Salisbury	00100	Quay Street			RM
	6028211			Salford	00100	Party Street			RM
	6028266			Nottingham	00100	Oxford Road			RM
	6028464			Salisbury	00100	Vant Street			RM
	6028927			Ripon	00100	Grp Street			RM
	6029687			Worcester	00100	Grp Street			RM
	6029952			Preston	00100	Wilmslow Road			RM
	6030145			Worcester	00100	New Cathedral			RM
	6030153			Wells	00100	Water Street			RM
	6030192			Oxford	00100	Grp Street			RM
	6030273			Salford	00100	Canal Street			RM
	6030364			Bangor	00100	Mosley Street			RM
	6030514			Ripon	00100	Grp Street			RM
	6030564			Oxford	00100	Mosley Street			RM
	6030579			Worcester	00100	Wilmslow Road			RM
	6030591			Durham	00100	New Cathedral			RM
	6030643			Oxford	00100	Vant Street			RM
	6030663			Oxford	00100	Water Street			RM
	6030676			Nottingham	00100	Vant Street			RM
	6030811			Nottingham	00100	Whitworth Street			RM
	6030974			Glasgow	00100	Oxford Road			RM
	6031034			Norwich	00100	Agra Street			RM
	6031168			Norwich	00100	Vant Street			RM
	6031228			Truro	00100	Market Street			RM
	6031260			Worcester	00100	Corporation Street			RM
	6031286			Truro	00100	Moon Street			RM
	6031289			Ely	00100	Mosley Street			RM
	6031307			Nottingham	00100	Deansgate			RM
	6031380			Dundee	00100	Princess Street			RM
	6031618			Worcester	00100	Princess Street			RM
	6031699			Oxford	00100	Oxford Road			RM
	6031760			Oxford	00100	Quay Street			RM
	6031790			Norwich	00100	Oldham Street			RM
	6031938			St Davids	00100	Wilmslow Road			RM
	6032058			Bangor	00100	Atdf Street			RM
	6032424			Londonderry	00100	Princess Street			RM
	6032553			Ely	00100	Atdf Street			RM
	6032605			Chichester	00100	Moon Street			RM
	6032685			Oxford	00100	Party Street			RM
	6032796			Norwich	00100	Portland Street			RM
	6032818			Truro	00100	Agra Street			RM
	6032885			Worcester	00100	Vant Street			RM
	6032973			Preston	00100	Moon Street			RM
	6033003			Chichester	00100	Deansgate			RM
	6033009			Wells	00100	Party Street			RM
	6033051			Durham	00100	Portland Street			RM
	6033238			Salford	00100	Portland Street			RM
	6033309			Salford	00100	Oxford Road			RM
	6033612			Chichester	00100	Vant Street			RM
	6033628			Nottingham	00100	Grp Street			RM
	6033906			Bradford	00100	Canal Street			RM
	6034027			Ripon	00100	Market Street			RM
	6034055			Oxford	00100	Kingsway			RM
	6034064			Durham	00100	Whitworth Street			RM
	6034106			Oxford	00100	Moon Street			RM
	6034155			Oxford	00100	Sackville Street			RM
	6034187			Wolverhampton	00100	Deansgate			RM
	6034252			Wolverhampton	00100	Grp Street			RM
	6034306			Truro	00100	Vant Street			RM
	6034389			Wolverhampton	00100	Deansgate			RM
	6034393			Worcester	00100	Canal Street			RM
	6034400			St Davids	00100	Oldham Street			RM
	6034460			Salisbury	00100	Whitworth Street			RM
	6034539			Nottingham	00100	Whitworth Street			RM
	6034621			Oxford	00100	Sackville Street			RM
	6034659			Ripon	00100	Kingsway			RM
	6034660			Worcester	00100	Grp Street			RM
	6034691			Oxford	00100	Agra Street			RM
	6034824			Preston	00100	Vant Street			RM
	6034978			Chichester	00100	Princess Street			RM
	6034997			Norwich	00100	New Cathedral			RM
	6035050			Salisbury	00100	Grp Street			RM
	6035052			Dundee	00100	Quay Street			RM
	6035179			Nottingham	00100	Moon Street			RM
	6035399			Glasgow	00100	Mosley Street			RM
	6036637			Preston	00100	Deansgate			RM
	6036638			Glasgow	00100	Water Street			RM
	6037175			Truro	00100	Vant Street			RM
	6037176			Durham	00100	Wilmslow Road			RM
	6037178			Bradford	00100	King Street			RM
	6037181			Chichester	00100	Market Street			RM
	6037182			Nottingham	00100	Corporation Street			RM
	6037192			Londonderry	00100	Moon Street			RM
	6037321			Oxford	00100	Oxford Road			RM
	6037324			Londonderry	00100	Corporation Street			RM
	6037325			Dundee	00100	Moon Street			RM
	6037326			Wells	00100	New Cathedral			RM
	6037368			Salisbury	00100	Mosley Street			RM
	6037744			Wells	00100	Mosley Street			RM
	6037838			Oxford	00100	Wilmslow Road			RM
	6038062			Ripon	00100	Mosley Street			RM
	6038064			Glasgow	00100	Oxford Road			RM
	6038065			Ripon	00100	Vant Street			RM
	6038449			St Davids	00100	Deansgate			RM
	6038507			Norwich	00100	Whitworth Street			RM
	6038527			Bangor	00100	Wilmslow Road			RM
	6038545			Nottingham	00100	Quay Street			RM
	6038792			Bangor	00100	Vant Street			RM
	6038797			Nottingham	00100	New Cathedral			RM
	6038867			Bradford	00100	New Cathedral			RM
	6038947			Oxford	00100	Deansgate			RM
	6038973			Nottingham	00100	Sackville Street			RM
	6039015			Bradford	00100	Wilmslow Road			RM
	6039180			Oxford	00100	Grp Street			RM
	6039395			Oxford	00100	Sackville Street			RM
	6039952			Salisbury	00100	Atdf Street			RM
	6040179			Bangor	00100	Deansgate			RM
	6040762			Edinburgh	00100	Deansgate			RM
	6040787			Bangor	00100	Quay Street			RM
	6040900			Salisbury	00100	Princess Street			RM
	6040958			Norwich	00100	Party Street			RM
	6041028			Glasgow	00100	Oldham Street			RM
	6041598			Oxford	00100	Market Street			RM
	6041682			Edinburgh	00100	Corporation Street			RM
	6041773			Glasgow	00100	Vant Street			RM
	6041817			Wells	00100	Grp Street			RM
	6041832			Dundee	00100	Princess Street			RM
	6041838			Ely	00100	Vant Street			RM
	6041839			Ripon	00100	Canal Street			RM
	6042234			Norwich	00100	Market Street			RM
	6042368			St Davids	00100	Deansgate			RM
	6042475			Salford	00100	Moon Street			RM
	6042488			Truro	00100	Water Street			RM
	6042540			Dundee	00100	Portland Street			RM
	6042592			Oxford	00100	Corporation Street			RM
	6042607			Chichester	00100	Oldham Street			RM
	6042688			Bangor	00100	Deansgate			RM
	6042774			Durham	00100	New Cathedral			RM
	6042850			Glasgow	00100	Oldham Street			RM
	6042962			Oxford	00100	Kingsway			RM
	6042963			Chichester	00100	Whitworth Street			RM
	6043105			Wells	00100	Portland Street			RM
	6043945			Londonderry	00100	Kingsway			RM
	6043956			Dundee	00100	Grp Street			RM
	6044020			Glasgow	00100	Oxford Road			RM
	6044029			Oxford	00100	Whitworth Street			RM
	6044580			Edinburgh	00100	Water Street			RM
	6044589			Worcester	00100	King Street			RM
	6044770			Salford	00100	Moon Street			RM
	6044780			Oxford	00100	Deansgate			RM
	6044927			St Davids	00100	Agra Street			RM
	6044971			Wolverhampton	00100	Wilmslow Road			RM
	6044978			Truro	00100	Whitworth Street			RM
	6045158			Durham	00100	Portland Street			RM
	6045259			Ely	00100	Portland Street			RM
	6045366			Salisbury	00100	King Street			RM
	6045650			Preston	00100	Market Street			RM
	6045657			Oxford	00100	Oxford Road			RM
	6045663			Ripon	00100	Whitworth Street			RM
	6045882			Oxford	00100	Corporation Street			RM
	6045933			Preston	00100	Sackville Street			RM
	6045952			Durham	00100	Moon Street			RM
	6046339			Wolverhampton	00100	Oxford Road			RM
	6046359			Preston	00100	Mosley Street			RM
	6046366			Oxford	00100	King Street			RM
	6046471			Truro	00100	Urbis Street			RM
	6046588			Bangor	00100	Oxford Road			RM
	6046594			Oxford	00100	Agra Street			RM
	6046597			Wells	00100	Deansgate			RM
	6046648			Nottingham	00100	Sackville Street			RM
	6046786			Wells	00100	Deansgate			RM
	6046906			Preston	00100	Oxford Road			RM
	6046955			Londonderry	00100	Sackville Street			RM
	6046967			Edinburgh	00100	Water Street			RM
	6046977			Edinburgh	00100	Oldham Street			RM
	6046987			Norwich	00100	Vant Street			RM
	6046988			Ripon	00100	Vant Street			RM
	6047062			Worcester	00100	Canal Street			RM
	6047120			Nottingham	00100	Kingsway			RM
	6047130			Edinburgh	00100	Vant Street			RM
	6047186			Wells	00100	Agra Street			RM
	6047392			Durham	00100	Urbis Street			RM
	6047629			Preston	00100	Mosley Street			RM
	6047947			Worcester	00100	Wilmslow Road			RM
	6048097			Chichester	00100	Mosley Street			RM
	6048123			Wolverhampton	00100	Vant Street			RM
	6048165			St Davids	00100	Moon Street			RM
	6048196			Dundee	00100	Party Street			RM
	6048396			Oxford	00100	Vant Street			RM
	6048398			Chichester	00100	Quay Street			RM
	6048411			Oxford	00100	Corporation Street			RM
	6048424			Chichester	00100	Atdf Street			RM
	6048525			Durham	00100	Oldham Street			RM
	6048584			Londonderry	00100	Kingsway			RM
	6048689			Oxford	00100	Corporation Street			RM
	6048757			Nottingham	00100	Canal Street			RM
	6048778			Salford	00100	Quay Street			RM
	6048923			St Davids	00100	Kingsway			RM
	6049042			Salisbury	00100	Urbis Street			RM
	6049043			Dundee	00100	Portland Street			RM
	6049119			Oxford	00100	Water Street			RM
	6049161			Norwich	00100	Sackville Street			RM
	6049181			Salisbury	00100	King Street			RM
	6049185			Norwich	00100	Sackville Street			RM
	6049201			Glasgow	00100	Party Street			RM
	6049308			Nottingham	00100	Urbis Street			RM
	6049401			Bangor	00100	Portland Street			RM
	6049405			Durham	00100	Market Street			RM
	6049454			Oxford	00100	Canal Street			RM
	6049501			Bradford	00100	Corporation Street			RM
	6049567			Oxford	00100	Agra Street			RM
	6049694			Chichester	00100	Party Street			RM
	6049696			Preston	00100	Party Street			RM
	6049928			Oxford	00100	New Cathedral			RM
	6050076			Salisbury	00100	New Cathedral			RM
	6050101			Salisbury	00100	Portland Street			RM
	6050102			Nottingham	00100	Vant Street			RM
	6050108			Worcester	00100	Grp Street			RM
	6050665			Chichester	00100	Mosley Street			RM
	6050692			Londonderry	00100	Kingsway			RM
	6050838			Bangor	00100	Deansgate			RM
	6051246			Oxford	00100	Atdf Street			RM
	6051329			Edinburgh	00100	Corporation Street			RM
	6051340			Durham	00100	New Cathedral			RM
	6051368			Truro	00100	Oldham Street			RM
	6051485			Bradford	00100	Oldham Street			RM
	6051522			Nottingham	00100	Grp Street			RM
	6051650			Preston	00100	Deansgate			RM
	6051659			Bangor	00100	Party Street			RM
	6051686			St Davids	00100	Wilmslow Road			RM
	6051697			Durham	00100	Kingsway			RM
	6051836			Ely	00100	New Cathedral			RM
	6052181			Bangor	00100	Whitworth Street			RM
	6052882			Oxford	00100	Canal Street			RM
	6052932			Oxford	00100	Canal Street			RM
	6052936			Bangor	00100	Sackville Street			RM
	6052980			Londonderry	00100	Whitworth Street			RM
	6053054			Dundee	00100	Water Street			RM
	6053074			St Davids	00100	Atdf Street			RM
	6053116			St Davids	00100	Sackville Street			RM
	6053137			Dundee	00100	Moon Street			RM
	6053194			Chichester	00100	Oxford Road			RM
	6053231			Preston	00100	Agra Street			RM
	6053342			Bangor	00100	Mosley Street			RM
	6053582			Wolverhampton	00100	Agra Street			RM
	6061555			Nottingham	00100	Princess Street			RM
	6061556			Oxford	00100	Kingsway			RM
	6061557			Norwich	00100	Market Street			RM
	6069790			Ely	00100	Moon Street			RM
	6070642			Salisbury	00100	Urbis Street			RM
	6077421			Glasgow	00100	Portland Street			RM
	6077573			Salisbury	00100	Wilmslow Road			RM
	6077632			Worcester	00100	Sackville Street			RM
	6077752			Dundee	00100	Wilmslow Road			RM
	6078210			Truro	00100	Whitworth Street			RM
	6078231			Dundee	00100	Oldham Street			RM
	6078256			Wolverhampton	00100	Wilmslow Road			RM
	6078399			Norwich	00100	Kingsway			RM
	6078632			Salford	00100	Urbis Street			RM
	6078684			Wolverhampton	00100	Deansgate			RM
	6078724			St Davids	00100	Deansgate			RM
	6078991			Londonderry	00100	Urbis Street			RM
	6079014			Wolverhampton	00100	Canal Street			RM
	6079016			Ely	00100	Urbis Street			RM
	6079043			Truro	00100	Party Street			RM
